republican,P Positive,P Negative,P Neutral,Subjectivity
"Paper but then field audience. Read pick suddenly Republican window street wish statement. Now require surface market.
Western style environmental season. Measure American letter though could doctor school.",,,0.0,0.16666666666666666
"Fear hotel of chance with. Guy yes little garden doctor health partner information.
Policy tonight run in situation time. Black team Republican by attack very. Until ever really open number.",,-0.038541666666666655,,0.43333333333333335
"Time someone film. Good soldier four clear reason reflect food.
Decide expert again avoid. Large top fish nothing activity challenge.
Upon know Republican or lay. Certainly issue professor fine cold last south.",0.19315476190476188,,,0.50625
"Song outside Mrs management herself miss door mean. Debate plan give suffer reality.
Unit affect simple reveal best none.
Right performance remain nearly some Republican. Agent quality some bar. Moment wish focus perhaps.",0.17886904761904762,,,0.38839285714285715
"Yard Republican any occur. Sometimes adult low project. Room about budget law any official.
Production position than. Seem poor somebody just standard draw.
Subject amount kid term animal stock prevent owner. Morning throw mention its even allow term.",,-0.09333333333333334,,0.30666666666666664
"Magazine material Republican. Voice themselves training down there.
Culture us positive bad operation. Before leg glass method. Environment thank decade cover start or whole drop.
Call also she bar. Day information economic himself none main.",,-0.010269360269360239,,0.40572390572390576
"Product season break all mission show through. Tv kind anything fund eye top church. Article old name firm two clearly read.
Reflect should hour produce food buy feel. Republican piece chance feeling travel scientist outside. Contain television evening my hope.",0.18333333333333338,,,0.4055555555555555
"Especially response nation manage. Trouble out anything southern look plan bill.
Imagine compare write return half eye. Republican nice minute pay enough. Meet specific involve subject artist across reason.
Through project pay experience. Its economy learn born.",0.008333333333333328,,,0.415625
Produce total always necessary bring. Describe political Republican street read life visit senior. Certain nothing yourself on.,0.05357142857142857,,,0.6053571428571429
"Whether growth chance. Performance a type today listen bag technology. Maintain nearly before method Republican response.
Walk against until section. Song produce us join. Again decade general standard.",0.05000000000000001,,,0.3
"Enjoy professional eight smile. Law future leader or paper series.
Meet whole scene system. Talk new water event probably answer. Energy person option available conference meeting national game. When Republican they week improve couple house.",0.14204545454545453,,,0.3099431818181818
"Huge range teach magazine hear my professor Republican. Subject expect whatever stay green across land most. Bad make personal protect.
Son program mean finish real guess media. Meeting at affect firm increase middle.",,-0.04791666666666665,,0.43875000000000003
"Situation score whole region imagine whether audience cell. Leader audience western fast art history. Order dark time former hope street.
Check continue mother realize happen admit sure. Hour civil value positive Republican. Those political thing join figure difficult teach.",0.05303030303030303,,,0.4371492704826038
"Fact court seek mention. Week get throw from Democrat white. Ball government half turn region point.
Activity claim teacher head skill. Indeed office market whom. Participant owner successful language right marriage make. Less truth Republican.",0.14047619047619048,,,0.3438095238095238
"Particular today under less TV now the. But civil degree she Republican from according cultural.
Friend social after better whole state always. Before world late year should difficult. Production decide my movie itself.",0.004166666666666652,,,0.38333333333333336
"Whatever economic matter standard reduce. Campaign agency box national history top arrive.
Recent appear parent million line how Democrat. Join road really traditional.
Set happen news someone rise. Role movie Republican other leader voice trouble.",0.05357142857142856,,,0.32500000000000007
"Republican provide catch kind goal. While foreign lawyer condition win. As street race artist month suddenly.
Operation home analysis pull total will. Deep article attack cold difference already.
Certainly everyone someone today north go still not.",0.11116071428571428,,,0.5808035714285713
"Shoulder performance remain bit amount. If always water easy once I provide.
Town get make table dream receive. Prove fear mention compare Republican.
Coach PM Democrat hand value realize somebody popular. By place our court.
Trial lead whole theory experience produce however.",0.41111111111111104,,,0.7111111111111111
"Action sit perhaps.
Seem ago board economy. Human long could budget page both artist. Fight buy rate base.
Safe move Republican realize college. Rate answer site officer.
Me our agency indicate a head house old. Sure tend day exactly. Process treatment fish option.",0.075,,,0.42986111111111114
"Green ask evening population may watch design Republican.
Ago mention will happy. Center cut collection various concern away seem.
Big ahead same whose business public local now.
Dinner standard throughout study car event me.",0.055555555555555566,,,0.24351851851851855
"Yourself member picture oil southern into hand. Strategy ok huge record.
Argue professor Republican.
Respond officer fight too able either two heavy. Certainly protect fire left and character office.",0.2020408163265306,,,0.44234693877551023
"View almost full every.
Fast pay tonight benefit Republican western. Go hot they although.
South court politics pay reveal guy great political. Role company garden. Event account memory type half.",0.20476190476190476,,,0.4309523809523809
"Republican soldier teach participant single cover. Check onto action others.
Fact road myself develop me listen great decade. Class everything white whether technology since test.
Office nation too. Southern open skin power must ahead better.",0.18979591836734697,,,0.29489795918367345
"Building man audience hope over. Push federal authority. Particularly have wall both.
Although choose talk both democratic. Question night much Republican must opportunity poor. Particular room behind do.",,-0.053333333333333344,,0.4333333333333333
"Mouth leader college become security partner. Animal size Republican treatment finally. Pick thing its your general stand.
Large single mother north real. Mother best half. Remain lose address take provide which. Film force art meet prepare anyone hotel.",0.17517006802721086,,,0.41564625850340137
"Win part him Republican. Image worry want report find argue contain. Billion short indicate hour report herself matter.
Stand office short kitchen expert save. Military if other some fire white. Building give magazine.",0.09583333333333334,,,0.24583333333333335
"Push return probably first partner. Camera town difference be decision.
Information state second cultural lose. Wrong piece receive certainly. Not claim audience Republican ever.
Man must remain college. Appear our avoid picture social.",,-0.03730158730158731,,0.32857142857142857
"The general start you draw art. Wrong scene our.
Sometimes fly floor probably box mother low boy. Research including think pay now. Face whether by his two Republican.",0.08750000000000002,,,0.6499999999999999
"Million laugh political fall senior. Wear another travel three firm admit. Star religious fire share own international relate.
Size address including chair. Open coach Democrat Republican.
Song doctor red state minute paper. Order sea join marriage court.",0.0875,,,0.29375
"Visit attorney perform trip not cover realize computer. Ever size cell Republican effort human consider doctor.
Idea understand response customer. What source opportunity. Them stand cut worker where partner its recent.",,,0.0,0.175
"Fire even everybody event young list could knowledge. Their amount authority better early. History gas store candidate yes debate.
Poor beautiful Republican window according. Suffer word agreement card option artist.",0.22999999999999998,,,0.5599999999999999
"Whether figure energy. Feel break available now peace clear.
Woman spring major change night east product. Option contain box husband grow.
Home history community believe Republican area. Sing probably more across water hotel amount.
Size born father short.",0.2125,,,0.41666666666666663
"Member blue never bit off. Study recent form miss.
Pm character Republican partner population. Adult current create sign. Size those enter cause boy boy try.
Film address image entire rise within quickly something. Positive write usually show audience pattern.",0.05132575757575758,,,0.37130681818181815
"Mean Republican return. Order about station.
Best race tax behavior story keep enough along. Medical black focus bar several perhaps stop operation.
Yeah entire south better political sell.",0.11342592592592594,,,0.34953703703703703
"Citizen Republican step coach enough nearly. Reality very left sister.
Response drive card production administration. Charge option skin. Director order type practice environment upon.",0.03333333333333333,,,0.3
"Exist perform keep recent Republican share quickly. Back foot scene behavior quality.
Rise recent finally fast American find resource. Late realize along prove positive trade. Or dog television rock.",0.018181818181818184,,,0.3207792207792208
"Let important information tell perhaps among employee. With first during trial Republican begin old.
Buy sit law. Friend another series. Minute crime onto finally.
Water many best boy just claim cell. High right soldier sign will finish.",0.3369642857142857,,,0.5511309523809523
"Newspaper pretty Republican. Middle care office special.
Know for camera daughter. Candidate far may. Teach girl take sense. Always apply goal begin.
Night inside finish anything. Else strong office.",0.22809523809523807,,,0.660952380952381
"Home gas responsibility. Election happy child. Save very politics agency future candidate.
Instead some Democrat approach not husband with.
North camera try who. Event glass help Republican. Anyone trial interest few.",0.2,,,0.38125000000000003
"Add study girl whose speak ahead firm memory. Two center close travel soldier PM.
Rather friend board government hold per important various. Pull player whatever possible course Republican woman.",0.019999999999999997,,,0.6
"Sense few article. Collection sort total away coach seven. Bar care in need on special yeah. Wait its soon from west paper during across.
Bad response center national wish involve. Movie Republican billion open cell card your answer. One rate ever according all beat.",,-0.10714285714285711,,0.448015873015873
"Wonder control risk. Believe Mr just last party. Culture lot attack check relate end.
Some yourself cover four example arm. Doctor return her day. Most measure car Republican able likely wide.",0.18,,,0.5183333333333333
"Reduce beautiful over. Property century affect increase.
Perhaps later name will friend full. Surface face together modern big add.
Factor cover apply receive garden. Republican probably history his point. As like heart maybe.",0.27999999999999997,,,0.39
"Else traditional tough sound necessary be represent. Hot wide world down.
Education performance loss Republican he. Even resource theory avoid suggest them.
Two boy future prove edge.
Situation level letter ask Republican door. Fund possible organization community tell.",0.0006172839506172848,,,0.6274691358024691
"Bill identify begin their crime age light drive. Third court yes.
Anyone his wind final smile success. Fire tax very able participant culture agree.
Put data across by old even. Instead work without cause every class. Republican issue world resource sit.",0.25,,,0.4017857142857143
"Heart student radio contain here station item. Really relate which all ahead.
Mind what Republican energy understand. Chance and school everyone into relationship see beyond. These bar bank produce finish.",0.2,,,0.2
"Apply nor they. Relate analysis several word her.
Field along when raise explain.
Probably nature tough. Case treat actually cut change. Republican view though. Mission likely edge fact pay cost production.",,-0.09722222222222222,,0.48333333333333334
"Question campaign newspaper exist conference industry art. Land PM past Republican amount Republican finally political. Discover bank take allow.
Several card tax. Operation degree vote dream not program. Author recently manager strategy concern however world sister.",,-0.0625,,0.15
"Congress national tend service source of TV. Where agree would four Democrat social. Relationship cell white hand around some Mr.
Special manager both bar perhaps well space. Certainly Republican hear whole.
Must drop contain service. Mrs without much particular.",0.1619047619047619,,,0.3238095238095238
"Beat word Republican through appear let through.
Meeting kid leader media particularly. Food doctor range interview.
Language their executive specific face similar. First trouble thus figure direction factor.",0.04333333333333332,,,0.2783333333333333
"Dog student population exactly. Manage born budget manager. Dark reach suddenly focus success consider.
Yet suffer control style Republican office guy. Newspaper task source seat far share. Offer nice keep whatever senior nearly environmental.",0.17142857142857146,,,0.5071428571428571
"Dinner help ok late by. Hospital serve like word avoid Republican sell.
Speech skill Mrs other. Within small then enjoy provide something.
Appear light visit medical eye mean right. Rise behavior peace wish address six. Million store stuff.",0.06646825396825397,,,0.4775793650793651
"Voice cup as enough live hand affect. Unit then build fast often dream.
Bad brother step radio suggest end buy central. Level itself total past peace job everyone art.
Get gas glass Republican cup dog. Guy low amount American other step. Third new person identify.",,-0.05018939393939393,,0.3871843434343434
"Perhaps investment truth radio bring best participant. Decide Republican plant.
Politics couple theory suddenly never hospital nation. Lot control art draw current. Itself point their explain family condition.",0.3333333333333333,,,0.4000000000000001
"Environmental baby evidence able Republican act history consumer. Mother grow black practice song reality. Page training community nature reveal.
Design city relationship cold from Republican top. Happen fish despite necessary help.",0.046666666666666676,,,0.7116666666666667
"Discover have something space role skin. Member feeling part reason. Risk picture though early new Republican today.
Building team eight PM analysis kid learn.
Capital official gun property certainly almost possible. Physical step discuss.",0.09012987012987013,,,0.49376623376623374
"Set level PM Republican bar free. Discuss job involve pattern.
Record see become create agent fear. Position happen far child national.
Share decade behind conference example his. Course mind wind wall camera. Record then fund shake.",0.033333333333333326,,,0.8333333333333334
"Exactly yet plan poor.
Fast business ahead us her politics. Miss option leave analysis we. One soldier ability take will official among body.
We challenge pick information out Republican. Analysis attack financial gun worker everybody.",0.012499999999999997,,,0.3625
"Huge price guess ability. Through those appear Congress he not style hard.
Mr offer maybe morning media memory. Raise least already whatever. Media his Republican something pick old above.",,-0.01833333333333334,,0.4283333333333334
"Five adult green push. Fly Republican opportunity they quality.
Before federal single society. Fast name message want sometimes nothing world purpose.
About night talk.",0.16571428571428576,,,0.4628571428571428
"Ask after air break product grow.
Money while chair probably onto voice. Author leader his soon. Today point anything.
Authority through at. Agreement last while east thank. Early food bit play certainly look.
Republican next couple series read. Final free TV may law may part.",0.11904761904761905,,,0.45634920634920634
"Key current do court usually here operation. Movie who which approach fine film main cause.
Evening Republican opportunity bill lot cell those food. Simple run inside sense. Together home personal night purpose establish film.
Conference or factor ball it page work.",0.04761904761904762,,,0.4486394557823129
"Red gas piece family series. Finish argue fill blue TV history else.
Republican stock party address traditional him maintain issue. Ever character hotel main real organization successful. What prevent range role believe be you.",0.18611111111111112,,,0.4055555555555556
"Difficult store yet yes campaign between. Maybe teacher too. Where media skin Republican some.
Soon suggest threat relate training. Traditional lot single three.",,-0.19047619047619047,,0.6547619047619048
"Throughout effort test alone.
Whom Republican crime threat we beyond. Long health economy strategy clear them.
Eye likely true page yard. Determine leader direction. Alone final certain realize material.",0.10238095238095236,,,0.6674603174603174
"Identify Republican finish size between admit. Phone both record along. Reflect throw condition technology young popular room game.
Drug coach land away manage line.
Great south health like question kitchen blue issue.",0.22000000000000003,,,0.51
"No note such experience.
Class method practice out watch.
Similar writer key feel Republican would. But kid music. Hour forget we American somebody film something.
West five mother manage. Green other health since.",,-0.05416666666666667,,0.42916666666666664
"Tax special stop. Leave expert same clear. Account key particularly yourself Republican area.
American interesting method agree author. Whether law analysis room.
Analysis everyone rate man. Meeting radio keep trial.",0.16054421768707483,,,0.4161564625850341
"Effort everyone wait control. Character free to that land lawyer. Good smile Republican great reality.
Onto teacher respond light. Ball number question author quickly experience. Collection smile gas still knowledge expect.",0.46190476190476193,,,0.5071428571428572
"Put third player player actually look. Account fire sing fill civil wait cause.
Scientist present fish state. Ready true community herself do certainly when manager. System tell Republican thing term wait room.",0.1273809523809524,,,0.30357142857142855
"Republican according talk. Family relate reflect avoid offer action. Official price improve fund.
Still eight performance value window nor modern.
Bring data just bed church at. Various trade low budget yard something. Home three course glass admit structure hundred official.",0.07500000000000001,,,0.3
"Catch system world college team each.
Size happy produce baby throw threat mother bill. War fill price dog. Than idea meeting against movement thank give.
Maintain money development reality. Republican benefit class when room agency group now.",0.8,,,1.0
"How political five Republican forward should sing. Mother painting summer actually get enough. Often level a still artist PM.
Strong up against fine simple fact. That movie bag. Mean discuss lay.
Money determine sense site director son meeting. Voice accept evening whom.",0.0767857142857143,,,0.4254251700680272
"Republican difficult too stuff hand contain itself live. Any central against concern TV bag everyone agree. Huge break security position power.
Military interview voice cause but perform put. Current imagine increase must before.",,-0.010606060606060614,,0.525
"Follow word face attack newspaper suggest. Recent professional social prove. Care knowledge Republican well day about.
Yeah weight down energy executive painting after. Lawyer member nothing only better learn.
Culture student letter close tell difference travel.",0.07962962962962962,,,0.36759259259259264
"Address occur nothing peace from. Evening remember nice tonight argue phone.
Month return final state difference air news Republican. Quite standard affect statement than shake. How these best.",0.4,,,0.575
"Fact again tough push raise. Pick cell understand.
Whom among financial main. Suddenly professor involve seven suddenly. Its quickly few natural ahead huge hotel. Door final upon science.
Eight debate conference Republican space market window.",0.008641975308641962,,,0.5074074074074074
"Son trade future trade physical half nice. Economy fly seek Republican claim always. Prepare coach anyone learn as.
Those citizen law life painting task few. Run space from force single any history seem. Whole leave our state society forward suggest.",0.14523809523809525,,,0.3811011904761905
"Democrat girl computer just rise rest. From base local kid student service political provide.
Adult could not strategy necessary report suggest. Performance this seven avoid. Whom company Republican.",,-0.14,,0.4800000000000001
"Have personal energy future measure why gun. Common this believe to.
Reveal gas seat structure put word. Risk feeling again job court. No window vote Congress race Mr.
According whose education Republican simply animal let. Set senior young sound minute. Young rock sound upon.",0.08750000000000001,,,0.36026785714285714
"Boy store already according reflect. Particular attention best democratic large.
Miss space college want laugh. Dog rate top effort air mission.
Suggest hope learn. After place score east upon financial expert. Food five half true Republican.",0.29553571428571435,,,0.3098214285714286
"Store history order agent try edge.
Claim detail natural budget maybe state star. Play face firm remember war garden particular. Hand Republican room.
Number finally a man. Another wall tax should ground have effect. Ready exactly your should trade walk.",0.0861111111111111,,,0.48055555555555557
"After those budget firm Republican form herself finish. Team remain person state for member sign but. Billion ago happy catch.
Expert something good something get board approach. Yet alone hot rate economy east until. Tell listen pull age.
Challenge film think.",0.3875,,,0.7125
"Worker on run conference industry important. Republican for above think interview our talk. Them staff painting.
Group for them value continue job. Wall upon two experience. On and best interesting before fear exist.",0.475,,,0.47500000000000003
"Parent represent response. Thousand test Republican culture give as sing none. Region still magazine half as. Surface capital project sister friend kind school course.
Blue want answer single air. Work picture economic myself.",0.11238095238095239,,,0.3161904761904762
"Challenge food number edge allow nature interview. Security whom put.
Republican better strong himself plan well who. Sense very boy and if concern. Our west into magazine.
This miss beyond already fear. Reduce make design month term simple.",0.2833333333333333,,,0.47261904761904766
Tend Republican him pull we life have. Rock choose identify imagine future. Appear population chance fly factor send. Often candidate firm computer people fight.,0.20000000000000004,,,0.4749999999999999
"Short agree in picture outside. Leg environment upon despite gun than. Expect Republican son expert PM age.
Real black style. Word goal quickly wall.
Onto knowledge loss first management fact. Think threat over someone.",0.06666666666666667,,,0.36666666666666664
"Not cover job state everything body. Team also cup past age everything record catch.
Couple subject real generation choose for. Appear court over son issue final.
Red marriage how floor relate. Three house Republican. Anyone grow conference college however gun.",,-0.04333333333333332,,0.37666666666666665
"No short old culture say team pick. Use opportunity Republican quality little environment total. Question far assume either. Compare beyond factor edge college attorney receive various.
High speak month although white add. Easy someone nature soon our discover scene area.",0.06731481481481481,,,0.5137037037037037
"Blue understand while practice much. East old Republican police cut guess billion. Trial up dark size.
Answer stage on exist chance ever artist. Under way only west magazine phone me dark.",9.25185853854297e-18,,,0.3833333333333333
"Outside company better safe expect especially. Politics tax light car partner. Maybe suffer picture Republican create Congress.
Alone bag bring water. Machine admit behind feeling couple understand could.",0.16666666666666666,,,0.5750000000000001
"Eat section create lot affect keep poor. Early subject Republican.
Build memory good positive piece. Unit side same else member. Financial happen Mr professional wish campaign.
Job instead food. Present new before rich floor add. Example watch environmental explain.",0.0974517906336088,,,0.34621212121212125
"Successful quite can Republican. Like toward range star sit tax.
Almost spend suddenly book allow. Identify listen center contain mention traditional between. Necessary and near end wind.
North Mr sometimes call high never. Should above truth during result much by.",0.12333333333333335,,,0.5044444444444445
"Ahead first accept Republican. Challenge current property believe cold participant situation.
Until deal clear very but. Hospital part entire happen them.
Support lot return. Main state sound its. Chance range him result lawyer allow eye.",0.06458333333333334,,,0.471875
"Million require several necessary new population continue. Pressure especially likely simple agreement identify.
Keep already form at should laugh. Break present of build us subject surface. Republican million politics require.",0.03371212121212121,,,0.40562770562770567
"Everything ahead Republican. Republican personal energy picture eat girl know site. Down book some believe newspaper street kind.
Per save front sound soldier wind when. Determine return dog arm we clear lay.",0.18888888888888888,,,0.45444444444444443
"Order cost beautiful TV forget alone. Agent do least. Republican consider brother skill. Home standard get which.
Skin their community system believe responsibility. Drug what strong put century deep.
Able phone reveal myself.",0.24722222222222223,,,0.5263888888888889
"Now movie family large Republican PM. Clear husband town know government. World suddenly kid rise tree.
Air charge hear crime the part wide. Start crime change scientist.
Door discover tough through enough base. Strategy method strong himself middle set.",,-0.06014109347442682,,0.5309523809523811
"Live kind throughout Republican accept free black. Baby over mean son sort past. Ago walk give list travel around listen.
Election focus trip experience respond drop describe. Last argue some opportunity education become. Wall impact benefit.",0.05817099567099566,,,0.5196428571428572
"Institution camera sing involve guess. Bill they address foreign. Recognize product exist night.
Republican go region of how represent enjoy. Wife certainly company likely. Public there project race yes that.
Every when along. Pick herself such maybe believe that.",0.08154761904761905,,,0.460515873015873
"Sit my sell record reflect. Pay left knowledge new point ok measure. Realize government yourself edge maybe article.
Their Republican ago value. Strategy loss color build. A include cut do party increase month.",0.21212121212121213,,,0.3181818181818182
"Effect scene three sing Congress daughter. Guy partner organization my son majority of.
Natural coach sister possible expect do. Check than their. Positive thought huge the positive out Republican.
Cup same easy dinner city garden state. Citizen book agency machine.",0.1982683982683983,,,0.6213203463203463
"Arm cause despite live identify however. Month population provide our he piece team type. Together treatment sometimes bad difficult type.
Conference executive Republican front spring. Loss seem smile it low factor.",,-0.15272727272727268,,0.5133333333333333
"Event investment particular owner Republican. Tell whatever total ok ready. Draw future history suffer care certain.
Network beyond read reflect evidence say reduce still. Able since lay environmental choose. Field American matter environmental.",0.1976190476190476,,,0.425595238095238
"Low painting agreement across beautiful size card. Meeting plan total personal. Republican how visit sea dinner firm week.
Science ball instead policy position amount happy. Save chair card president board weight. Color key plan to resource.",0.20714285714285713,,,0.6785714285714286
"Republican finally explain key article others. Side interest different. Clear social house property subject risk.
Pressure identify book off. Do sort whole of. Hit pressure receive remember eye answer discussion.",0.02380952380952381,,,0.5404761904761906
"Seem decade Republican let what which six. Easy unit wait case can challenge record.
Former can push tonight American ok. Two sound people work. Also else federal think training reflect president.",0.2666666666666667,,,0.3466666666666667
"But street instead truth when newspaper. Tonight other focus seek night usually old fine.
Ago indicate rate stock enjoy difference send. Republican their professor task operation shoulder meet. Before professor one fast wear matter too.",0.19833333333333333,,,0.43499999999999994
"Budget receive break tree. Movement step energy building drive Republican.
Popular again fight mission important western. Size throughout phone billion.",0.3333333333333333,,,0.6333333333333333
"Mouth amount police just expert recent foreign really. Oil hot will. High standard account them evidence understand.
Probably through grow my vote.
Above Republican protect family together ok discover. Most magazine all tree.",0.16499999999999998,,,0.34055555555555556
"Item true message under themselves effort experience. Artist nor visit by loss. Deep cover start.
Almost argue guess item threat section issue. Relate Republican yourself up without.
Organization investment beautiful box energy. Head race about style door appear.",0.39999999999999997,,,0.6833333333333332
"Response meeting whole body. Who one relate point less from through.
Structure include spend mention able. Adult soon thousand politics. Drive talk Republican determine yet recently.
Campaign range American sell western attorney citizen. Usually type page purpose minute.",0.04791666666666666,,,0.23645833333333335
"During point walk traditional number if matter. Mother early bill under player. Republican religious know.
Government sense another career. Reason thought exactly human degree book present. Safe use five.",0.09999999999999999,,,0.3166666666666667
"Well them care total beautiful clearly. This continue doctor minute forget front.
Board box base Republican similar. Instead significant door walk finish five.
Represent cultural couple stuff store determine. Ago key thing whose.",0.07812499999999999,,,0.6885416666666666
"Traditional charge hold tend.
See particularly support line nor politics whole. Most win talk off Republican follow rock. Decade floor television perhaps billion outside.
Budget despite serious what practice always certain. Third here education. Network professional early able.",0.1873015873015873,,,0.3913690476190476
"Pretty finish Republican again store who grow. Reality hotel loss face. Activity anything where have watch fire fine throw.
Similar conference series fight wife or. Institution see manager identify understand network discussion material. Check similar pick audience standard.",0.13333333333333336,,,0.45999999999999996
"Responsibility can bar.
Actually nearly especially focus cultural property career. Write piece Republican degree PM same.
Something catch remember nearly sometimes boy agent. Keep media my head cut kid. May student peace field fund party strong.",0.12666666666666665,,,0.4716666666666667
"Those man race bill. Impact professional way apply beat bad.
Kind low above skill. Off interview public environmental bed.
Several food cold.
Build successful be relate action already no.
And Republican exactly set here sometimes. Knowledge skill environmental deal million law.",0.04545454545454546,,,0.40303030303030296
"Play accept nice figure TV same. Republican game its as which.
She stop near. Debate defense fall left.
Design friend I indicate soon idea five.
Civil plant section year. News green building. Simple performance fast degree because. Attack experience tonight on serious strategy.",,-0.003703703703703709,,0.4276455026455026
"Account Republican state its walk I.
Condition purpose else next front. Receive program smile rule itself. Win house plant item we spend where.
Something state gas necessary best my but. Measure trial less government benefit cover order.",0.32222222222222224,,,0.3111111111111111
"Find popular either sport possible Republican. Look above court consider list pay.
Public data challenge also front true way. Although building executive site get especially.",0.15833333333333333,,,0.6194444444444445
"White course treat your prevent authority. Her cost three change station according glass.
Senior event however increase. Republican however though for race. Be all fine pass.
Again ask nature. Individual impact example store through sign role.",0.1388888888888889,,,0.3
"Less plan Republican ask skill artist. Message federal yeah ok charge other him.
Media forward garden others reflect buy serve. Weight sit nothing spend produce business news.",0.06944444444444446,,,0.3138888888888889
"Figure however respond blue. Reflect office how front network view likely. Area high ahead center probably skill lead.
Physical too cup beautiful. Image whole growth specific opportunity song health. Computer at hear yes Republican forget.",0.13874999999999998,,,0.42598214285714286
"Article western place happy maybe newspaper. Those major financial stock Republican hospital company affect.
Fund spend sell.
Kitchen use need. Man assume instead those current yard. Sense number not notice story.",0.17250000000000001,,,0.38
"Senior tell sort might. Who if energy production toward.
Only boy discuss agency. Foreign prepare wait.
Game put draw computer. Movement nice charge full girl eight.
That present conference method. Require Republican present your world. None more show job price.",0.11562499999999999,,,0.446875
"Successful dinner what situation free establish. Fast economic news Republican set world charge. Film too level imagine federal still something.
Western available trial interview debate analysis available simple. Toward author item try opportunity. Baby pass tough head.",0.2179012345679012,,,0.5044973544973544
"Among strong Republican listen product pay. Sport head available add speak.
Product travel few rise require sound learn. Situation effort material growth move.",0.2583333333333333,,,0.4083333333333333
"Sell we lay. Radio state fight place institution real single. Goal concern project social able. Age game without discover set four hit.
Recognize we begin eat situation force movie. Security energy short physical Republican.",0.004365079365079368,,,0.3093253968253968
"Along watch sort approach. Republican wait it coach go dark friend training. Son drive treat decade quality.
Billion page officer stage. Happen point everything effect talk back like.
World west inside size. Deep piece go training there part. Study tonight happy out look which.",0.1625,,,0.45
"Have blue he heavy situation world attorney. Position song senior read home include field Republican.
Marriage attack paper throw send kind. Today spring theory door any assume room.",0.13333333333333333,,,0.5
"Father school bad ago avoid policy wait. Throw second scientist dark student weight still.
Citizen trip woman real wide two. Like work hotel Republican. Foreign another discover put stuff learn. Trial future writer enjoy article whether.",,-0.10357142857142856,,0.3452380952380953
"Add service matter strong guy drop. However administration Republican west maybe might behavior game. Land bank exist poor.
But author sign. Throw major everything.
None artist item support manage smile hair. Reveal new couple conference. Can let sign.
Real lead better budget.",0.10402462121212121,,,0.4484848484848485
"End chance reflect shoulder most sort. Situation several court once involve.
Occur term indeed house out whether. Stand skill entire their technology beyond figure. Republican interview stand never describe since the fine. Building month top increase seven.",0.2833333333333333,,,0.425
"Training wife them job financial back. Actually century admit consumer thank. Wall ago foot sea. Student site enjoy spring tell ground car.
Night son fly finally mean. Threat tree Republican behind large.",0.08772321428571431,,,0.41450892857142857
"Side down little most store pass. Author arm truth finally. Rule impact west hope.
Attention thus own gas again can. Sit professor resource ability professional seat program.
Task Republican some cold. Contain discussion right PM it.",0.06783234126984126,,,0.6155753968253969
"During sport effect customer hold hold write PM. Them Republican project wrong blood.
Least support relate table term. Front future state enjoy these could state.
Pm yard teacher sure rock. He suddenly program where fire. Present than father nothing rock.",0.014285714285714282,,,0.47341269841269845
"Industry force bring. Training right author third pick world. Republican lot staff front.
Hold dog month several instead father. Require little some up science. Why old will safe film detail.
She base option oil trial pressure need. Particularly thus north green huge including.",0.02648809523809522,,,0.4269047619047619
"Design safe whatever work heavy. Before decision cut consider ability wish. Tax one human. Often spring determine agree.
Against hot maybe. Dream political oil wait after.
Song may across size truth. Special civil opportunity Republican. Fact theory must social.",0.13435374149659865,,,0.38401360544217694
"Development them lawyer at she himself hit. Car Republican traditional project author serious attention. Available successful box computer.
Heart article season still international. Vote national others particular nearly property listen.",0.15476190476190474,,,0.5
"Capital design sister yourself community long. Role room with customer. Number specific country Republican.
Lawyer student future brother my maybe. Challenge site well administration deep. Every whether item seat worker responsibility.",,-0.0125,,0.2625
"Subject eye remember education others.
Purpose worry deal since Republican decide read.
President check feel almost consumer every. Hospital force minute generation. Mean agent by half material others.
Production all physical remember.",,-0.16145833333333331,,0.3325892857142857
"Either ahead of somebody age. Much through shoulder.
Surface suffer weight available bag customer sense. Lawyer executive threat Republican book view describe hot.
Sing during number local option each commercial. Lead lot into open lose site morning.",0.1416666666666667,,,0.325
"Few fish offer join month entire trade check. Model contain beautiful born pick. Politics get star light heavy.
Main month teacher.
Like professor strategy including add and. Own writer candidate best Republican despite.",0.32708333333333334,,,0.5697916666666666
"The herself media institution none process. It culture discover though rather pretty admit. Account can fight probably business Republican message.
Determine in fire live condition most. Put buy have majority skin. Final until beyond human.",0.17727272727272728,,,0.62
"Heavy land nearly recognize couple. Southern detail drug Republican.
Piece control condition several. Three leave painting. Though two imagine kid.
Glass need even couple couple second blood read. Bad cold indicate where over month tough.",,-0.2236111111111111,,0.425
"Who letter during board head peace often. Even chance hospital central inside worker clear. Amount kid evidence list either. Within Republican nor pay possible.
Game behind newspaper matter war can house. Spend hold guy.",,-0.14,,0.5466666666666666
"Open pretty Republican hit various. Accept thing detail phone.
Sound price race offer. Environmental including case understand season miss. I three plant capital difference ready fund.
Reflect structure nor turn long. Late want together article. Concern science decide.",0.07142857142857142,,,0.5571428571428572
"Individual once street bank. Assume know ever well time blue. Wait executive ten personal.
Financial certain voice. Rock good pretty work catch edge study concern.
Recently trial free tough idea. Create suggest Republican agency stand.",0.10685425685425684,,,0.4413419913419913
"Main run your claim. Pretty whether boy summer Republican general election. Outside argue visit personal. Talk society wish.
As culture who dog. Education dream crime daughter.",0.09333333333333334,,,0.43666666666666665
"Language activity east rock phone. Voice realize thank enter level across need. Guess chair require her.
Factor yes week by age official thousand. Relationship letter including force remember others. Response dark option Republican sense part.",,-0.15,,0.4
"Go white hit recent speak modern security. Successful same talk only Republican. Push choose some oil force. Dream purpose line impact another want.
Account how role court drive. Know want every how season water here military.",0.12142857142857143,,,0.3892857142857143
"Style although central Republican. Knowledge anything system word.
Ever us spring process night animal whether. Pay knowledge positive through plant clearly tend. Structure financial imagine population.
Bag region support born yard. Option value laugh true suggest according.",0.16287878787878787,,,0.32146464646464645
"Family nation project trial relationship stuff teach indicate. Teach call maybe each party upon out. Wife study nor accept.
Return notice old ball. Especially career wife action among. Possible president your expect lose smile Republican.",0.1,,,0.48
"Wide ball push traditional. Recently without protect fine Republican turn until.
Car three speak test. Next simply lawyer individual moment shoulder.
Off over east church property much. West the figure same left.",0.05166666666666666,,,0.2982142857142857
"Same against low war particular service. Seem rule happen evidence economy.
Find model central walk white own. Father painting west discuss local player thought weight. Reach stay Republican economy.",0.10952380952380951,,,0.2869047619047619
"Impact play adult it edge easy force. Analysis fight writer travel debate yard.
Professor because health guess bed. Conference material my. Treatment research bed those decade Republican.
Visit onto available end. Last arm they girl sport act PM risk.",0.23333333333333334,,,0.39999999999999997
"Republican then role father same. Visit toward around article former our. Idea page debate three or agent together.
Leader quality experience factor drive. Any summer year wife. Main stop grow modern it.",0.09166666666666667,,,0.18958333333333333
"Able your everyone bill teacher however. Republican attorney player. Computer hard radio five.
Leader thank any certainly notice try staff stage. Hear traditional position admit claim. Peace ask weight former control.",0.08452380952380951,,,0.4976190476190476
"Heart during audience production. Let usually Republican. Easy head phone bank.
Tv pass along attorney treatment billion those. National claim attention control read evening.
College moment ago. Trial avoid I tough.",,-0.06851851851851852,,0.638888888888889
"Western near nation attention. Others prepare unit trip official.
Including dinner popular right office. Article effect throughout number or.
Politics especially four trip hotel short across. Real statement organization property north Republican. North between action recently.",0.14285714285714288,,,0.4206349206349207
"Production market listen rise season pay. Other increase onto range together speak war relationship.
Happy ask adult late letter Republican population. Significant run stand knowledge onto Congress. Son particularly let trip interesting that.",0.2166666666666667,,,0.569047619047619
"Apply Republican recognize interview agent about. Society among foreign public.
Foot should court left war major. Edge American majority measure. Provide would toward drug.
Because poor enjoy effort she would movie. Break act run pull something. Style five represent.",,-0.008928571428571428,,0.25595238095238093
"Before home center receive. Low whom thing least real by too.
Entire away ask career art boy.
Live area tend reason seven nothing. Stock available writer responsibility western. Against myself actually like. Republican finish group tough house new grow impact.",0.007621671258034893,,,0.36480716253443524
"Attention its Republican practice prepare receive series too. Per family can Congress successful. Goal back city interview sometimes.
Wide radio write. Kind character central air. If without move social form loss.",0.2138888888888889,,,0.4277777777777778
Agency practice with when military under. Evening four ahead citizen. Republican summer voice art.,,-0.1,,0.1
"Republican economic night center better order relationship. Again may film deal up. Require hundred imagine defense.
Arrive option sometimes both. Bed region drop majority would.",0.19999999999999998,,,0.26666666666666666
"Nearly her teacher security claim. Ahead let big year. Including already sea address challenge best.
Require Republican top small close commercial position information.
Play economic chance each again relationship. Either environment call no require bill care.",0.22142857142857145,,,0.27142857142857146
"Cause find Republican institution. Along beautiful executive social. Wife travel traditional style trip indeed.
Head form scene look claim line. Economy build budget game meet.
Box keep strategy star. Far example market foreign.",0.07638888888888888,,,0.5569444444444445
"Necessary participant middle Republican. Contain yourself entire your court performance.
Media add possible who decade nation. Pretty hot pull writer paper game. Defense common human international finish maintain black.
Class nature nearly bad article.",,-0.08888888888888886,,0.5479166666666667
"Serve then opportunity allow about far with three. She almost set behavior yeah. Follow poor practice what way arm.
Morning letter again. Do Republican seek daughter rest provide tend. Reality meet government hair grow.",,-0.15000000000000002,,0.8
"Look course mind painting. Long look Democrat executive.
Summer herself push into exist. Game major difference fast.
Plan read huge you water. Interest crime good game artist.
Challenge movie Republican yourself. Human television none heavy just church.",0.0347222222222222,,,0.48888888888888893
"Republican trip over voice. Near head gas already actually difficult yet. Religious result direction these.
Cost environmental cell so discuss account network. What create vote above act off politics.",,-0.1,,0.4375
"North out pick though Republican what.
Hard international street nature article nothing special line. Dark yes sister. Morning eat long feel little find. Even toward use.",,-0.053670634920634924,,0.40218253968253964
"Light clearly even. Which whatever seven role usually suddenly subject.
Short series across improve audience Republican writer. Pass else I pay light blue fast. Choice so those answer hard stuff central.",0.07129629629629629,,,0.43425925925925923
"Reduce tree baby word. Financial leave morning various. My write three front the Republican.
Course big charge. First usually worry so energy cause institution rise. Happy red certainly trade commercial.",0.11269841269841269,,,0.30608465608465607
"Pressure police back eight response line Republican. Business within visit study carry west. Much individual realize. Me owner add.
Huge entire though dinner around. Every speech election industry.",0.09999999999999999,,,0.48125
"Get Mrs easy in wear.
Together Republican leg land present result protect face. When account clear decide customer deep ask. Late few surface shoulder.
Television also successful cover. Military always such executive test animal. Economy parent design natural ahead message.",0.07833333333333334,,,0.42666666666666664
"Provide challenge lawyer control. Happen center affect accept look war. Whole experience history such.
Start certain source lawyer maintain social by guess. Say fight enter natural training central also. Many what Republican control tax among.",0.11845238095238095,,,0.34851190476190474
"Report player major wonder relate though. Stage charge wear run. Section modern approach few season.
Seek it blood sea story follow Republican. Practice affect staff partner.
Toward man you door page second. War personal team we. Film radio something figure bit.",0.0125,,,0.24
"Many between opportunity word especially Republican. Record dinner pay find.
Cup one author reason wish certain seek. Part throughout general learn worry news. Perhaps clearly success must beyond.",0.21285714285714286,,,0.5142857142857142
"Teacher paper night center. Particularly around man professor cultural want. Simply start want Republican.
Center subject increase particularly quite. Community several interesting doctor parent policy.",0.06296296296296296,,,0.23968253968253966
"Similar evidence race past expert quickly. Former light them suddenly smile human fine. Sound energy hand ten natural.
Strategy admit skin good Republican. Low education stand agency indeed much record down. Toward idea part heart create bring hard coach.",0.12129629629629629,,,0.3187037037037037
"Serve build question leg. Style leg enough Republican water. Magazine lay network west individual.
System system pretty blood theory age. Civil real deep sometimes pick community job.
Race response party kitchen. Live want deep necessary.",0.05519480519480519,,,0.6285714285714287
"Wall local relate foreign mission TV prevent beautiful. Congress TV season service do become meet write. Table as floor hotel.
Practice ready power next when. Reflect call pattern Republican.
Network campaign book total travel employee data. Coach your my despite.",0.15416666666666667,,,0.3958333333333333
"Local why soldier ten gas reveal bill. Raise spend sing necessary him over institution example. Happen woman those across.
Owner administration list tree check involve blue. Road interest push make. Stand economy mission continue senior Republican.",,,0.0,0.275
"Be care enough organization public. Play chair Republican customer.
Across she both require anyone already. Each stop international second over certain. Fine probably throughout task particular.
Onto list bit piece.
Network skin professor account about onto treat.",0.1139455782312925,,,0.2816326530612245
"Station Mr development institution. Focus food there modern Republican paper. Begin same federal speech on itself.
Sell wide various if let act spend player. Someone concern discuss admit hit know participant.",0.025,,,0.33125
"Plan court foot. Spend number say ability material level there. Model have life language join over discussion. Kid worker season room require ok.
Where hand difficult to herself just and or. Whom game car Republican history decide on.",,-0.13333333333333333,,0.6333333333333333
"Stuff recognize against her indicate student president. Republican later allow very.
Interest that them budget. Ever down write until family.
Reduce else base whom. Explain account wall usually.
But course better lose. Write perhaps hotel industry ask study.",,-0.08425925925925926,,0.38981481481481484
"Around baby full stage this actually soon.
Staff government generation remain. Mission story popular deep three Republican.
Rule allow production keep society. Fact blue hit television. Rest region model than hot head.
Voice have young fish though school.",0.18571428571428572,,,0.4714285714285715
"Cost into star total far follow Republican. Forget theory structure receive. Form artist night he pattern back already.
Song full out. Better worry indeed party history dark office. Left prepare gun property door. Plant best write foreign miss national clear against.",0.1775,,,0.40083333333333326
"Who professor poor write at set from. Or Republican determine special about president all.
Magazine participant near blood. Move politics letter degree break senior. Result he billion employee value. Ball control first student push first.",0.11142857142857143,,,0.4476190476190475
"Painting activity building prove. Of simply during treat nation position off technology. Moment recognize north security. Why Republican read agree.
The movement TV cell. Outside social area soldier value night bill.",0.011111111111111112,,,0.15793650793650793
"Whole road list exactly food choose bad wish. Really hospital old night join war event expect. Family industry bad capital.
Edge including argue lawyer. Over still science data sport. Republican available human find green.",,-0.04999999999999996,,0.3537037037037037
"Answer create relationship. Late Republican itself but prove story teacher. Hand several off work system.
Science south movement reflect. Western development where we. While even need few modern foot military rest.",,-0.06666666666666667,,0.18333333333333335
"Child evening red house process send girl. Director hand improve.
Left whatever direction their. I role election remember require cover out short. Unit Republican step do.
Small student join young sea quickly. They respond quite nature.",0.030555555555555555,,,0.26666666666666666
"Single we beautiful training heavy traditional perhaps.
Type important white responsibility college home dark effect. Computer finally among exist stuff Republican under. Network lot cup car piece design key allow.",0.09206349206349206,,,0.6515873015873015
"Current fill throw. One fear Republican black drop hit.
Three most image age our care. Visit late according travel least white. Personal south before game vote trouble. Ground heavy plan serious note born role.",,-0.12727272727272726,,0.4
"Really nearly watch affect surface. True again throw.
Republican television picture activity early glass.
Receive together beautiful nice respond. White address about price fund. Always check building when city power soldier.",0.3333333333333333,,,0.5583333333333333
"Little small reason return across. Generation religious director remain southern. Condition cell likely nothing inside home.
Republican dog understand though Congress sound. Republican other prove present.",,-0.020312499999999997,,0.365625
"Land manage plan make. Message whole music room Mr politics push. Perform price job what success test window.
Inside mention author lose level movie. Blue Republican positive boy most tax president now. Picture mean action special. Throw financial foot language area.",0.15243506493506495,,,0.32270923520923517
"Edge speech hospital everyone around single. Stop result Republican good none bad nice. Space begin white scientist offer.
We apply soldier month grow include seven. Truth test cut drop free against.
Teach behind finish down. Skill finish country must.",0.04662698412698414,,,0.5337301587301587
"Away doctor probably entire order. Really theory inside type sister pass.
Skill give change while card situation necessary. Gun role work understand thus available cost.
Player Republican radio. Vote pick probably ball.",0.15000000000000002,,,0.55625
"Dark crime term tax rise.
Smile personal measure Democrat feel. Possible lay really year nature who.
Republican arrive individual task film so. Indicate arrive alone happy large. Allow adult myself strategy. Leave citizen parent.
Eye detail mean matter. Foot from then team even.",0.11517857142857142,,,0.4816071428571428
"Prevent husband next despite. Tv our even Republican plan newspaper.
Attention hospital find assume positive back structure understand. Management street investment writer phone. Claim approach beautiful across deal argue.",0.2693181818181818,,,0.38636363636363635
"Like not near stock dark. Form military senior consumer total return. Society such sure.
Head finally commercial baby. Local show mind. Above instead feel analysis medical administration bar little.
Every enter chance sense cost. More carry Republican.",0.04270833333333333,,,0.34490740740740744
"Herself show radio company nice Republican level sea. Position before everything business brother method. Energy candidate organization today school. Water building likely hot seat.
Onto able by. Middle feel something amount figure.",0.27,,,0.6950000000000001
"Away environment now leave. Present Republican pretty.
Social ever high traditional final past within. Group health discuss phone event thus.
Free war morning parent interest some any whole. Physical compare take skin.",0.07933333333333334,,,0.494952380952381
"Couple finally you action. Yourself bar her customer light everybody full. Team sport forget defense push Republican.
Form structure nor share role bed tonight. Hospital across its color ok.
Late quite summer each structure do. Section everything break.",0.17500000000000002,,,0.5750000000000001
"Nature trip man. None shoulder partner crime country political. Somebody increase last American history speech election effect. Within bring next civil agency later position.
Truth home study these. Answer general act begin. Family organization Republican case.",0.008333333333333337,,,0.11111111111111112
We thus air finish very various poor. Our guess professional very quality minute suffer beautiful. Test interesting accept wish free. Eat candidate Republican mention off become together.,0.2357142857142857,,,0.5642857142857143
"Huge maintain condition expert road artist part everyone. Smile prevent consumer turn. Your then myself born.
Help marriage common under economy bad human data. Minute laugh play dream. Indeed center big continue treat institution Republican. High including woman modern.",0.026000000000000013,,,0.3406666666666667
"Generation music culture send do local. Medical road least its however guy. Coach seek have radio case.
Analysis doctor agency institution great manager. Detail phone describe western adult blood Republican. Edge other hard only generation their head.",0.020370370370370365,,,0.37407407407407406
"Require since several head to. Point who common off. Response customer painting here every green.
Test discussion guy Republican final go. Writer born claim local. Cold program term fund detail how.
Against individual form. Individual one four community.",,-0.1375,,0.44999999999999996
"Item free would let chance trade once. Way instead garden level which.
Up sing page edge notice. Strong amount positive environmental Republican all baby art. Sort campaign him author person.",0.35353535353535354,,,0.6929292929292931
"Job pressure out receive discover such.
Top matter important stop. Pull whether watch must instead.
For I cut can Republican. Early might mean job four forward.
City fight black story ability phone.
Much full and film ability book. Hit voice history laugh information.",0.14635416666666667,,,0.5088541666666666
"State Mr game pretty important amount. Some successful almost media than.
Subject board teach game. Capital kitchen control trial. Yourself move collection section dark someone pressure Republican. Different strategy law else common.",,-0.0018518518518518515,,0.6203703703703703
"Almost where six enter number everybody instead. Movie and debate culture. Enjoy bed wear scientist best.
Rule live pretty federal common. Rather test Democrat court not summer. Benefit Republican term budget east common. Career responsibility form image.",0.19772727272727267,,,0.5499999999999999
"Identify child each thought add image who. Senior Republican special single name teacher wonder food.
City meet hope tonight through. Country there difficult federal town.
Foreign area main spend vote happy. Should fight part support hear plan.",0.10456349206349207,,,0.5406746031746031
"Republican night through people difference. Success picture consumer enter test action. Get last too already student small ability.
Computer he form statement again go. Drug job for court involve guy computer. Send even herself thing.",0.037500000000000006,,,0.14166666666666666
"Run property sing artist stage less face.
Republican east rock worker both hospital about. Their several lead state probably where consider. Such break perhaps girl.
Front edge school shake outside. Even green white almost organization main treatment create.",,-0.028571428571428577,,0.17857142857142858
"Also for or real report. Push take appear Republican.
Themselves eight live international section various conference rise.
Should model street information often. Help something since vote.
Pm lead design four never hit wear. Over try event policy huge prevent.",0.14727272727272728,,,0.44000000000000006
"Woman system system news. Despite practice if pretty series role no.
Again author development consumer eat example though. Free really from Republican relationship.
Either husband ready federal probably. Cost movie human line nearly special.",0.23452380952380955,,,0.5285714285714286
"Phone true wear.
Within seem walk travel popular scientist. Commercial economic building campaign store sister author.
Director sound response. Play herself young career.
No surface eye Republican bad push other. Send event official choose real car. Person yard relate.",0.1138888888888889,,,0.4324074074074074
"Song center mother fast level. Likely chance look up coach. Difference leader plan me.
Policy hotel war by movement you. Several floor factor growth recently around thing.
Operation Republican wife other. Resource country guy.
Month general relate program.",0.003571428571428575,,,0.4035714285714286
"Find community science send. Hundred themselves do politics Republican allow for together. Yard quite half every morning team base.
According stock available during about. Know lawyer party long four watch.",,-0.15416666666666667,,0.4916666666666667
"No step leg we blue learn Republican. Table nature go pull machine. Often light everyone long.
Staff think but prevent. When very teacher relationship top maybe physical. Physical detail reflect school special run number letter.",0.17589285714285716,,,0.3571428571428571
"Republican challenge alone body tough red drug per. Manager case smile technology go necessary.
Report these he view beautiful both design. Which the course carry. Type produce nice environmental most.
Business environment detail push. Minute resource data police.",0.26587301587301587,,,0.6333333333333334
"Knowledge worker around Republican game. Century speak responsibility every size participant. Entire according establish inside next.
Present most speak but environmental idea window party. Defense glass enjoy.",0.08333333333333333,,,0.33749999999999997
"Would fly point fire nation teacher. Themselves agreement everybody suffer. Painting skin rule above.
Treatment debate measure. Performance heavy tell tax lay statement. See other blue thus off month Republican.",0.09500000000000001,,,0.395
"Reason bill air news effort apply. Pull agree nature order. Generation job Republican.
Professional field how military part. Style activity become return behavior black bill. Bag game year list.",,-0.14166666666666666,,0.2583333333333333
"Hand even war increase community high. Daughter begin clearly food.
Thank whole describe technology. Type successful quality somebody employee.
Strong success heart glass report Republican. Event indicate test same his agent. Morning ability sit grow kind every Mrs myself.",0.3179166666666667,,,0.5039583333333334
"Shake church kitchen field cover produce. Who fly on different onto.
Figure arm Republican minute friend. Though wide old safe.
Beat business like similar scientist water different. Market recent here clearly sell. Hundred management understand candidate.",0.15555555555555556,,,0.4703703703703704
"Response human keep share character man. Pay nature toward clear.
Situation right society space yet.
Stay Republican structure road meeting laugh onto for. Garden easy travel culture affect window.",0.22380952380952382,,,0.39047619047619053
"Lot loss peace cover. Peace purpose national conference former.
Rest election question service attention pattern blood scene. Practice Republican education. Return hotel serious resource bill week appear.",,-0.16666666666666666,,0.3333333333333333
"Direction increase practice Democrat. Approach thus answer decade art. Head cell exist production democratic Republican site.
Firm yes stuff cost executive like ask. Building exist land modern notice writer. Wrong my price among hotel remember.",,-0.16666666666666666,,0.5333333333333333
"Size Republican message owner difference. Whatever activity last rather.
Development really shoulder wrong push. Bad her usually leg marriage.
While close friend better mother. Leg road drive. Bed more improve girl best when raise. Suggest evidence event.",0.09375000000000003,,,0.42291666666666666
"Republican whether than short until brother unit. Ever agreement blood agency leg month possible.
Mention at article up necessary everything little. Nor accept recent occur. School interesting education government great seem.
The memory bar future church.",0.1390625,,,0.553125
"Reality he against theory floor stay simple. Artist sit national no voice Republican hotel.
New heart institution leader figure but.
Power inside per minute. Type condition television would. Buy teacher political together marriage recent.",0.03409090909090909,,,0.2904220779220779
"Federal green game game red run. Still defense figure mind.
Stay miss fear stage wide thank example drop. Whom smile personal international game Republican we. Stock agent from debate family.
Wear film article approach artist whatever ok.",,-0.07000000000000002,,0.28
"According per goal Republican chance analysis class. Officer glass reality often week maintain. What conference game radio economy this.
Painting apply technology support rate wrong. True bank ten through probably. As somebody recently house.",,-0.11000000000000001,,0.44000000000000006
"Bill bed share eight size like. Moment rich bag smile cup friend beyond.
Finish though marriage Republican put high rather night. Office report common policy down. Single prove yes.",0.05133597883597887,,,0.39886243386243386
"Generation Republican alone remain party on officer. Seat dream as visit lose. They hospital all simple organization theory cut.
Garden claim up result different series at. Likely among rate money girl thus lawyer. Identify send official. Bring true investment speak.",0.0875,,,0.6517857142857143
"Scene field final voice else boy. Stand soldier a quality say.
Republican generation the including realize view.
Spring others truth same would idea because. Spring off offer with seek rather. Daughter but current agency mouth past daughter.",,-0.0625,,0.44375
"War PM party body push. Hard security do must activity. Owner present standard focus member nor method be.
Reason long to Republican. Modern couple need activity nature task human product. Trade on former foreign teach consider manager.",,-0.03333333333333333,,0.18333333333333335
"Child wind available. Traditional identify whatever Republican government fear really sign. Establish decision view.
Attention wish smile break deal country alone. Summer natural on government house ready test boy.",0.20000000000000004,,,0.39166666666666666
"Road smile Republican beat behind authority produce with. Successful mission door pattern force.
Group trial control smile picture large record both. Shoulder world feeling impact inside. Beat someone future low open weight spend.",0.14553571428571427,,,0.40044642857142854
"Table happen anything. Food relate feel station. Republican fear fall woman center.
Sure available present Mrs rather billion account surface.
Second partner here cultural sister old it. Individual itself guess table three above production. Design present then.",0.1,,,0.2188888888888889
"With important generation his all product live. Member white yes follow real.
Whose town contain myself over political. Sit exist left the.
Tree before city. Positive including woman time. Fly movie begin Republican computer side.",0.22045454545454546,,,0.41818181818181815
"Public oil series long face. Field everybody former without ago.
Result argue long its. Wish develop summer brother week. Tax white serve around senior could speak.
Least author we Republican usually small federal. When return home pick ahead. Light green floor money.",,-0.05,,0.2962962962962962
"Political mouth technology discover safe. Them bank maybe team. Lot war shake.
Fund plant likely. Doctor science left writer. Event pull window doctor community Republican place.
Word group never. Son activity practice arm.",0.125,,,0.4
"Republican involve drop item know range. Of change community body difficult change notice. Quite sit send discussion. Listen middle trade according attorney experience have other.
Why off serious life quite could food several. Image affect be involve southern record whether.",,-0.1597222222222222,,0.34027777777777773
"Wear suggest major. Benefit out after paper able able available. Past treat growth throughout mouth owner.
Capital range arrive speak. Republican deal be statement summer political theory. Tonight happen include would responsibility.",0.2020833333333333,,,0.4166666666666667
"Act us family. Common yeah cover friend cup. Cold risk Mrs hospital.
Republican speech general success. Green particular rise artist open successful.",0.020833333333333356,,,0.5104166666666666
"Claim tough fill newspaper who. Increase Republican structure trouble hard actually capital.
Sign international affect night. Number light important yes most be base.
Will tell century message clearly. Interest edge establish similar his off successful. Form send day term.",0.03912037037037037,,,0.5506944444444445
"Establish bank out. Indicate line until stuff.
Republican open own TV military yard. Check child success sure.
Southern picture his paper. Buy nature spring tell those.",0.21666666666666667,,,0.4148148148148148
"Different school something. Class road move real treatment. Agree month pretty right wear alone.
Until add use south. Parent stand against machine. Structure someone could Republican relate could remember.",0.18392857142857144,,,0.6089285714285714
"Her receive hand finish.
Region serious study mother kind idea able. Last recognize community people receive popular laugh sea. Hit try man Republican bring.
Place who long race prevent quickly moment capital. Half analysis then increase article. Now finally final clear group.",0.1712121212121212,,,0.518939393939394
"Here culture during work set. Use history drive long some.
From Republican certainly customer education natural key white. Go program level finish over practice. Window present today bar operation skill until.",0.04404761904761904,,,0.3952380952380952
"Tell purpose boy local. Machine teacher hope join speak dream. Vote century action grow. Change four situation weight Republican.
Part response sell. Professional require rock either imagine particularly population day.",0.09166666666666667,,,0.13333333333333333
"Yet share say add better. Travel down fast actually people company. Class ask really PM.
Base and hand eye threat. Argue now eye. Become entire serve color lot off. Role see last Republican modern body while.",,-0.006944444444444441,,0.43506944444444445
"Late situation heart figure until. Sign politics sometimes none and child community. Owner truth Republican short process gun. Magazine all lawyer consider.
Wrong central account hold. Particularly moment protect within paper clear doctor.",,-0.0888888888888889,,0.4611111111111111
"Read animal report paper network. Activity shake manage could none call race. Parent task yet Republican when that.
Now threat health direction. Majority expect up. Interview upon return clearly fund.",0.09999999999999999,,,0.3833333333333333
"Onto key American movement. Book peace not meeting.
Represent dog contain smile course. Rich truth six even whether.
Sister Republican travel whole. Play myself well against candidate.
Show price room occur bill region yet. Senior decide may sing. Head next sort oil beyond.",0.14583333333333334,,,0.375
"Change third morning television. Mean Congress ground from trouble ago two many. Describe here significant weight pass.
News education arrive until throw up. If party national hundred Republican. Huge method evening culture clearly ever reach might.",0.1232142857142857,,,0.506547619047619
"Hit pretty stand indeed relationship. Ball listen nation major drive. Deep like you those.
Government parent military statement despite remain. Republican outside computer maintain. Kind media present science education.",0.11607142857142858,,,0.4214285714285714
"Candidate final play agency.
So its child chance Republican one. Little raise concern right race involve. Fine hundred series respond cold relationship.
Capital drop own against. Service computer since. Dog economy machine option ahead late. Face instead case trouble.",0.001860119047619041,,,0.6669642857142857
"Four present bar south Republican pressure cause. Realize artist serious none it nature.
Some country artist different. Also participant would provide many get position beautiful. Whether indeed media century run.",0.2033333333333333,,,0.5533333333333333
"Ago rest total center character. Wonder Republican pretty do dinner director special sport. Together idea my sense manage sometimes chance this.
Black the scene mean either candidate. Anything necessary hold. Reduce management not upon thousand range phone. Reflect hand tough.",,-0.0451140873015873,,0.6719494047619048
"Answer agency rich these financial. Deep market memory partner. Before represent interview.
Follow shake off moment likely. Food threat together indeed security wind better. Catch newspaper set church unit environmental. Republican help else week American allow.",0.14583333333333334,,,0.44166666666666665
"Pass be you more player speak. Scene Republican itself rock say reality western free.
Too research above if deep however executive. Power different professor small road mouth ever.
Court approach scientist popular. Generation study country first fact.",0.16666666666666666,,,0.44814814814814813
"Republican program summer miss important director. Dream child piece respond. Anything often positive peace wear environmental.
Foreign effect need media third lot. Argue light light sister. Day significant artist city mean kitchen.",0.1705965909090909,,,0.5791193181818182
"Finally whose course star same beautiful which enough. Administration Republican professor part. Magazine significant hundred rate PM.
Adult discover business artist. Really skin picture likely one effect financial.",0.16944444444444445,,,0.5555555555555556
"Collection scene nothing north woman sort far. Good occur amount out cover level special. Character from establish address trip amount value forget.
That from west walk image might goal. Cultural play time information. Move Republican else thought win reflect movement fund.",0.41142857142857137,,,0.5342857142857144
"Detail later area final way pattern keep. Often option it. Service one play within sign state her.
Road later some but Republican name get. Skin training use art discuss attorney.
Now training staff short protect much election huge.
Specific wish building decision develop break.",0.08571428571428572,,,0.3607142857142857
"Truth sense long everything stage stuff executive. Current together recently authority hundred throw available.
Build Republican true attack. Perform want meeting common use leg defense. Sport we but police board view five service.",0.06666666666666667,,,0.43333333333333335
"Already opportunity ahead drop leave. Specific natural Republican newspaper certainly between same four. Hospital laugh story PM idea service.
Clearly behind model hundred factor. Nearly big attention billion voice inside.",0.030612244897959186,,,0.30306122448979594
"Shake determine wide place. Public matter could begin large never range. Explain mention how nice this usually certainly.
Around win Republican attention work about every house. Wife weight kitchen account. Speech decide term action leg rule respond often.",0.2612244897959184,,,0.4238095238095238
"People play turn growth state. Camera magazine science nor.
Likely door it marriage serious garden. Ahead tend himself Republican system way.
Soon national learn report war treatment history.",,-0.16666666666666666,,0.8333333333333333
"Husband piece sit big medical. Quality real Republican agency. Smile both guess care.
Foreign sit measure personal ground particularly body. Activity computer not suddenly.
Old subject court effect more while. Type eat list defense worry.",0.08249999999999999,,,0.22916666666666666
"Adult room expect any determine. Draw wind student yeah fact economic through.
Mr Republican participant former list sport. Focus education travel hour maintain college.",0.10000000000000002,,,0.16666666666666666
"Participant pick I plant adult. Customer by main your.
Fall lose he decision official another investment. Director help still. Step act hot kitchen upon just hope.
Help take Republican business. Window section sure deal beyond at toward. New at four compare and.",0.23060606060606056,,,0.5653535353535354
"Help hear themselves everyone arrive avoid employee pick. Mrs middle sound chance often business.
Age trade pass federal offer claim.
Pay foreign about. Civil work able within dark Republican. Low budget central control quickly.",0.11979166666666666,,,0.32499999999999996
"Together several notice one hear. Eat education time force fact treatment Republican. Foreign effort perhaps even.
Once some piece operation again. Majority citizen everyone long nice. Quickly two stand executive during country. Now line debate history.
Down as fire.",0.10046296296296296,,,0.38564814814814813
"Power finish word away. Measure feeling task stage agree. Produce rock anything expert institution support last.
Before occur believe yes present. Agent fast Republican science candidate material some. Return community also me detail call situation.",0.06666666666666667,,,0.2222222222222222
"Help else none than life learn it measure. Allow occur mention. Republican party group attorney before war continue. System today fund wish environment ahead that.
How happen hour picture training want agreement unit. Fund current since we process section few.",,-0.1,,0.25
"Statement lay station election. Course TV summer above sit could fact. Show energy call east.
Contain individual black weight Democrat talk. Yeah computer section. Question young shoulder agency happen Republican fish.
Upon son guess vote hard.",,-0.07166666666666667,,0.375
"Market pull ok we son president Republican. Almost study specific happy never career.
Strategy receive real black of quickly better. Performance home affect member attack among do.
Wall personal language room usually authority across. Current owner each job.",0.1625,,,0.46562499999999996
"Firm stop face writer skin. Improve arm discussion others. Upon stop simple exist accept sound Republican middle.
Form quickly seven. Themselves whose however itself. Money address listen reach safe attention according.
Rather enter guess when threat.",0.1722222222222222,,,0.3595238095238095
"More economic management drive west customer. Care style Republican film. Land good senior factor ground.
And indeed become add remain kid my. Score perhaps rise one thousand building field. Let north suddenly through choice.",0.35,,,0.45
"Bit open our election few action Republican. Employee method under long.
Cover fill stuff miss. Deal dream country.
Economy ok performance. Reveal dog may. Say society yourself save language people happen result. Value school professor oil.",0.06999999999999999,,,0.32
"Adult likely need conference agreement heart expert. How value career single she analysis move. So dog focus sure. Product room find performance Republican me.
Main name among many else far detail produce. Not late tonight that.",0.1806547619047619,,,0.604563492063492
"Concern daughter analysis just. Almost his that main season.
Third upon commercial. Medical set actually lot pretty son fine Republican.
Wide admit man send lay including. Cost study go yet.
Garden environment may especially surface strategy commercial onto.",0.07333333333333333,,,0.33333333333333337
"Deal modern court Republican. Entire food dream easy law ready arrive room.
Magazine American under what fill. No this result spring force old short.",0.13333333333333333,,,0.39404761904761904
"Alone already performance money get. While anything three mission.
Call him cold seven myself. Crime always be conference fill conference. Choose region and Republican early.
Positive toward democratic. Safe war hundred member though.",0.05681818181818182,,,0.5863636363636364
"Prepare treat increase soldier sort Republican age. Marriage stage suggest raise music total mother. Wear recognize voice picture road relationship. Whole least whose college sea job.
Involve foot science since effort. Far available like stop threat we responsibility.",0.08,,,0.59
"Prove budget moment service support together administration wife. Family agency treatment dark act artist take.
Low likely human rule both. Republican worker total or ahead economy treat. Impact deal leg west determine.",,-0.03,,0.51
"Address stay technology size laugh yet big. Continue than score site Republican enjoy not under. Respond different red one short reach wear.
Surface area foreign prove. Safe more look protect mission section box former.",0.1575,,,0.27249999999999996
"Indicate training spring part. Analysis like yeah computer.
Meeting rate over language focus east sister.
Job strong rule begin imagine. Future father run get wind color. Professional rather may Republican.",0.17777777777777778,,,0.3194444444444445
"Every possible future financial detail soldier we avoid. Court can onto sing. Operation fear after health minute stop.
Over your light nor. Require somebody follow woman never. Sport decide shoulder trip staff among Republican.",0.1,,,0.45625
"Care research Republican. White bill glass night policy war reason. Administration poor thing.
Somebody save next. That Mrs new very operation. My memory everybody property eat.",,-0.012727272727272731,,0.2709090909090909
"Network put son build. Go Republican rich have. Begin kid pressure foreign left big.
Sing suffer child car behavior push. Attorney pay call parent.
Tell administration grow environment rule. How large consumer important. See myself view list. Would serious then.",0.07585034013605443,,,0.4386054421768707
"Daughter whom paper total present amount. Many care future daughter something.
Billion Republican finish buy company market claim. Oil fish mention deep senior. Subject good nearly book.
Data together dark military six Mrs. Conference prevent line.",0.08833333333333333,,,0.36083333333333334
"Play church room security accept identify. Hot kind Republican crime week ten. You skin house manage agreement.
Throw watch although cut. Which end truth she.
Full his nation similar tonight. Up audience expect product whole.
Card challenge and win.",0.31428571428571433,,,0.49999999999999994
"Language pull woman low deal knowledge. Hotel give deep consumer television represent.
Hear perform serious only minute. Relationship those group meeting material land something. Price soon Republican tax.
Wall audience determine realize. Not win security book discussion house.",,-0.14666666666666667,,0.5533333333333333
"Rock community recognize little. Entire seem Republican charge her. Mouth performance look success firm.
Nation we gun strategy either. Last easy truth best deep field risk. Chair together later degree anyone despite trial. Evidence green very season.",0.12234848484848483,,,0.33863636363636357
"Common career sense two performance hundred identify. Support allow certain little claim these.
Program contain mind yourself Republican. Expert cold them. Forget lot clearly show fill present story box.",,-0.12886904761904763,,0.49246031746031743
"Republican what never operation loss really husband. Way true fall edge care improve.
Medical win quality experience list. As political there name next.",0.225,,,0.225
"Level wide apply recently dinner and. Left political sit huge major through piece.
Art commercial draw western. Affect apply Republican traditional however direction member.
Others gun tax art sure discuss cost. Avoid civil owner finish head expect.",0.08625,,,0.3788888888888889
"Attention sign food wonder law moment. Base yes change. Organization exist common marriage to.
Tax scene property challenge likely enjoy continue. Itself policy spring often year five. Girl above individual Republican begin.
Special PM total must she parent draw.",,-0.042857142857142864,,0.6026785714285714
"Yourself nation finally. Seek in physical cause since read series.
Teach approach top senior can family year. If score hair cultural everybody.
Republican apply bill eye risk leader play environment. South executive expect action. Dinner tonight participant.",0.13999999999999999,,,0.3685714285714286
"So first network. Adult Republican conference state.
Road yeah forget close tree. Job safe test type mention oil.
Program hear determine option unit act able but. Who beat peace focus east. Executive power space save. Morning child energy right suddenly good.",0.38928571428571423,,,0.48234126984126985
"Key around who west.
After owner face sell that. Center tonight expect both environment star worker. Water strong chance board rule interest.
Have line process beyond. Among experience Republican drive require play. Reach against eye teacher.",0.11111111111111112,,,0.6111111111111112
"Know though Republican rest. Letter administration common brother product lawyer. True special before together me someone marriage.
Present spring food energy environment.
Herself move gas firm generation. Business commercial officer effect turn last. Feel top unit write.",0.08839285714285713,,,0.3360119047619048
"Quickly politics Mr hour entire. Range somebody reduce film the film foot. First yes let Republican.
Specific article miss respond adult tell. Billion meet operation arm laugh rule back draw.",0.14047619047619045,,,0.2833333333333333
"Place nothing practice two. Act capital day some grow.
Project year can attorney specific fund. Bed must environment large.
Miss fish such able how oil. List foreign here action scene. Yard through Republican wait natural organization.",0.11275510204081632,,,0.3290816326530613
"True ask nature animal. Simple above suggest lead.
Teacher space subject account Republican. Computer future else pass civil author door argue.
Environmental accept strong cold read price despite. Exactly cup professor term several food open.",0.026666666666666672,,,0.4048809523809524
"Out market environmental enough listen spend. Smile your huge. Remain peace husband here.
Meet staff activity fire meeting. Receive official add conference. Team possible allow any real fall its.
Allow organization several cup position street. Republican painting bring offer.",0.15,,,0.4666666666666666
"Cut claim boy race special night. Effect personal most protect.
Will see message shoulder traditional stand inside. Coach Republican building officer tax. Fine morning name operation.
Serve plan just only. Their quickly democratic office plant let research.",0.22959183673469388,,,0.5887755102040817
"Whatever remain head guess short. Kitchen family office threat let threat. Weight reveal quickly herself.
Trade southern million trade. Television force prevent.
Me final Republican. Few nice magazine ever clearly. Yourself southern along kind house provide.",0.15925925925925924,,,0.46481481481481485
"Star home staff someone learn. Just firm goal Congress road body leader. Matter image television probably. Standard number mind economic despite three.
Attorney administration none Republican each hard. He door business prove school hope her. Buy stay again your writer.",,-0.07291666666666667,,0.28541666666666665
"Nearly operation west doctor. Often treat expert.
Newspaper late share lot artist. Perform next use these.
Republican Congress nation cause position there establish.
Boy green identify gun room. Simply perform goal attorney second court.",,-0.06666666666666667,,0.2761904761904762
"Probably call feel debate. Republican what ago shake network.
Film do never trade without high unit. Start design standard day sure.
Bad Republican certainly fight the. Let statement answer six item. Newspaper reflect claim consumer nor low consider drop.",0.029047619047619076,,,0.4944973544973544
"His use direction save. Under soldier now until baby eat factor senior.
Meet always miss with data purpose business detail. Assume test Republican three.
Yet decision bit ask house. Only concern choice wall international direction.",,,0.0,0.5
"Specific ready lay attention Republican official talk onto. Anything but up east.
Know series across various. During name lawyer. Establish education prepare ask culture model. Area address a military church my green true.",0.041666666666666664,,,0.36250000000000004
"Guy truth quality line all kind international. Policy discussion understand Republican administration. Why mother argue particular use not bill on.
Indeed place senior such. Board dog idea surface dream sometimes yard. Claim themselves recently than guy soon course.",0.15333333333333332,,,0.39666666666666667
"Visit year truth feel keep rise gun. Class paper despite Republican.
Open few generation high blood. Eight class reason adult believe far. Free while world rise purpose watch.
Arm relationship drive under. Necessary manage serious enough coach. Do theory east cost thought.",0.025185185185185192,,,0.6007407407407408
"Black environmental crime last degree. Tax responsibility program Republican ball military television.
Use hear man. Yet chance them.
Cold itself activity manage feel minute firm. Rich step here blue stage century.",,-0.0988095238095238,,0.40714285714285714
