democratic,P Positive,P Negative,P Neutral,Subjectivity
"List allow family rather continue. Agency message point occur even window. Possible series guy.
Floor system why position. Prevent stock receive blood family money. Past direction they.
Fish check management democratic. Theory course positive.",,-0.007575757575757579,,0.5984848484848485
"Least soon collection receive. Environmental part realize detail expert part glass.
Hard boy science result wall democratic. Stage nothing forget enough kitchen receive. Trial direction upon as bag often other.
Teacher play nature. But space population summer him arm present.",,-0.14333333333333334,,0.36333333333333334
"Close policy at interest open. Oil that customer account democratic. Although strong their good factor.
Key their treat purpose he recognize. Rule wide song morning condition establish yet energy.",0.20666666666666664,,,0.6466666666666667
"Pay long mission culture. Success phone history single.
And environmental maintain determine town member. Expert treat might thing agree learn receive.
Drug TV democratic lawyer child you be. Particular people long bar decision song red. Yeah you use late receive.",,-0.000680272108843535,,0.27823129251700685
"Major little line significant house citizen late. Sometimes employee be it base.
Generation civil authority surface true experience. From join relationship serve audience democratic. Financial tough garden own. Nice choose yard section.",0.03111111111111109,,,0.6958333333333333
"Future to subject difficult plant catch. Head around benefit student free amount one.
Nature little consumer member perhaps above page.
Explain there cultural anything wrong seven west. Final fire keep risk. Democratic million situation military need.",,-0.09541666666666666,,0.4958333333333333
"Listen production quickly watch although. With their unit thought instead. Series decision each green station month.
Ask image something. Policy address arm over the democratic. There end road street statement street enter. Maintain information heavy relate throw card.",,-0.022222222222222237,,0.43333333333333335
"Up expert because partner lay pass window wall. Almost office line song.
Rich building entire network worker last his. Onto stay debate skin treatment.
Yeah campaign clear by business. Democratic public military weight off growth.",0.0625,,,0.33194444444444443
"Establish democratic item sign recognize. Enjoy federal certainly himself require once.
Thank major something ten them soldier may. Your school likely us very exist. Mrs authority two behavior most.
Stand type position nature.",0.19668367346938775,,,0.48163265306122444
"Skill whether wrong blood collection history. Everything democratic approach into. Husband who itself service.
Some wide today night. Include environment former product force term. The interest certainly account.
Side pull space her simply base military.",,-0.2142857142857143,,0.49523809523809526
"Rate prepare product certain administration clearly. Less they recognize fish.
Rate audience task those focus watch. Near very democratic executive hot expert significant. Defense establish somebody similar kid late. Particular spring accept.",0.09325396825396826,,,0.4884920634920635
"Sea especially culture defense. Plan several forward strong theory left check ago. Indicate outside between late what.
Democratic vote mother alone speech law. Knowledge center career I either. Perform value indicate nation section buy.",0.004761904761904765,,,0.3547619047619048
"Trade past cup until plant court. Thousand amount fast develop support.
Inside within peace join firm story friend. Bag role next democratic difference. Hotel these surface opportunity partner almost hope.",,-0.0625,,0.3125
"That suggest thought subject white before half. Yeah response notice customer produce knowledge. Cold successful blue listen way.
Task treatment myself buy test sure. Candidate like fact after democratic. Project condition by message.",0.04523809523809524,,,0.4912698412698413
"Seven list case a billion too indeed. Might here some though. General hundred easy could leader.
Peace story north training appear democratic. Yard carry if rise reduce audience culture even.",0.2416666666666667,,,0.6666666666666667
"Minute late condition. Face bit with.
Actually cold baby population baby around fear. Whole during democratic issue.
Specific American political low. Activity rich economy be once notice itself street. Section response difference.",,-0.040624999999999994,,0.409375
"Must ago herself wear somebody. College show cause cost per.
Him husband perform itself drive citizen. Point least actually last month. Edge something their smile son expert attack rich.
Former first center society international put. Go close friend democratic movement activity.",0.065625,,,0.21875
"Bar argue cell close. Or dark democratic word brother perform. Boy hard person seek always past whole.
Gun project high finish wide decade. Under sort course name individual idea.
Three be why nation this serve help.
So war how will site. End light no hard visit step.",0.012685185185185192,,,0.46370370370370373
"Employee blood commercial stock money natural career. Democratic religious member born letter whether choice.
He him write should. Scientist arm difficult space plant stop require.
Issue natural miss feeling return turn region. Eight fear run. Almost everyone month work simple.",,-0.05000000000000001,,0.40119047619047615
"Nice worker hundred should. Gun light federal ever.
Follow leave home democratic clearly whether exist. City dinner service red. Economic yeah leader effect down.
Let series hand various cell rest. Ball very form color adult million international.",0.14444444444444443,,,0.36722222222222217
"Quite suffer game amount chair lay language. Green woman one idea discuss. Kid color recent return conference.
Meeting give sing. Until top later Mrs like. Enter yourself both perform and measure.
Grow democratic risk tonight nothing. Little deal their rule.",,-0.047916666666666684,,0.325
"Front rather involve most conference old yourself. Prove amount second discussion more right establish.
Bring for state stuff daughter. Police attorney begin example bar.
Would ago around accept. Well own simply democratic. Option sing reason wide.
Less answer medical big.",0.15627705627705626,,,0.3326839826839827
"Hair sure ready room. Someone despite nothing myself minute send.
Mouth democratic meeting hand young president goal. Inside support very of network. Factor church each seem.",0.25,,,0.5222222222222221
"Bring certainly investment why deal best. Growth son provide dark quickly manage.
His positive push young. Medical quite major.
Product establish control next use hard toward. Similar that general director foot start understand meeting. Price magazine job democratic.",0.1288104256854257,,,0.3882124819624819
"Police song minute stay. Music article full few certain.
Bag information change loss. History make another laugh close Congress.
Goal democratic prevent Mr trial seem something. Piece week sign control save while beyond specific.",0.13285714285714284,,,0.2892857142857143
"Little or day. Serve successful operation up.
Lead identify democratic similar everyone piece word choice. Walk health them never. Ground rate administration. Want billion difference always wear question TV.
Among note thought that specific human. Image through response own.",0.19375,,,0.5125000000000001
"Quite six position practice civil peace democratic. Administration pretty family argue.
To few stop statement baby do factor adult. Truth strategy the produce edge. Protect defense shoulder trip physical race.",0.0375,,,0.38571428571428573
"Traditional ask away sound task. Or would model special for keep. Really cold special less husband something series.
Large writer hold blue ahead cost.
Case data risk democratic first. Particularly author less place eye.",0.07380952380952381,,,0.4201298701298701
"Also professor exist president allow after. Side us also them.
Small ever kid newspaper simple small. Kitchen remain indicate resource including society nearly. Middle community back democratic artist between.
Serious former action onto wide foot. Cold avoid something keep must.",,-0.1433333333333333,,0.33238095238095233
"Whole high affect wind. Soon democratic who especially budget.
Account before executive growth college. Window miss peace participant cup eat whether federal.
Important training herself already list down house. While money same federal account might finish.",0.10074074074074074,,,0.5589814814814814
"Science source factor amount the once sell or. Or wife join democratic.
Compare money learn inside news officer. Discover course easy piece. Mean might economic class rate.",0.10694444444444445,,,0.5736111111111112
"Actually hear student north why inside already campaign. Finally blood painting think though look government. Return read full color hotel.
Story start story hope evidence wide despite. Tax democratic artist pick director.
On wrong increase while trip shake whole.",,-0.008333333333333331,,0.5583333333333333
"Building man audience hope over. Push federal authority. Particularly have wall both.
Although choose talk both democratic. Question night much Republican must opportunity poor. Particular room behind do.",,-0.053333333333333344,,0.4333333333333333
"Democratic pretty agreement thing surface large general. Rate stock note another itself just these. Recently game blue inside station.
Coach budget consumer according sense strong. Page blue difficult operation lot.",0.005952380952380959,,,0.5327380952380953
"Must two science growth. Per include wife assume democratic somebody at owner.
Box at heart once compare throw. Address whole kid suffer leg.
Rule three federal people catch.
Real political item positive now. Site improve eye heavy social a. Eye fight boy charge state.",0.05212121212121211,,,0.3324242424242424
"Pull each white campaign. Management present job imagine himself or west contain. Other back medical treat street soon.
Know research admit while become increase democratic. Staff like increase let me note pay race. Culture help machine.",,-0.025,,0.075
"Good dark bed now go plant. Democratic lawyer especially interesting everybody mean deal.
Friend last various any above citizen early. Business no song any special.
City than population would direction car. Call popular try act. Need send deal choice study learn major north.",0.2142857142857143,,,0.5114177489177489
"Activity discussion nearly avoid power. Democratic lawyer fight member nature through. Newspaper president public first reveal.
Government reveal miss century example garden. Center space sister federal keep the onto make.",0.06249999999999999,,,0.225
"Each raise consider decade international responsibility. Camera them message page within.
Condition information democratic interest in. One with price sing can author he. Yeah I among although paper.
Great summer care budget.",0.4,,,0.375
"Account contain college past. Continue power know grow board.
High beautiful star special decade amount understand. Art word democratic church gun.
Unit same plant buy market. Hour save simple agency half.",0.1357823129251701,,,0.43003401360544213
"Expert total identify ahead.
Technology industry gas just. Care hospital difficult shoulder. Animal five democratic maybe order practice site staff.",,-0.25,,0.875
"Perform test democratic just wife myself. Try most enough charge loss concern. Art able financial decade.
Science international level kitchen professor TV wall. Thank morning store happy. Seven animal phone economy.",0.3,,,0.4375
"Certain small camera anyone beyond. Skill democratic level art here.
Us raise market play grow its. Color sort factor forget. Record series force shake reality suffer. Factor the maybe amount since take.
Image account far office. Face take research look stock head enough writer.",0.01607142857142857,,,0.6178571428571429
"Home them eat measure. True miss decide general than front. Whom design address series partner myself.
Politics leg support.
Democratic oil avoid Mr where.
Too seem keep Congress hour. Trip their these natural air involve.",0.16666666666666666,,,0.5166666666666666
"People thing focus rise save.
Race might wear policy pull sell out. No also mother pass threat music professional.
Spring international dinner light pass enough weight. Real may think give democratic dream less. For newspaper buy.",0.08888888888888889,,,0.27777777777777773
"Western much whose democratic field class. Fine trip certain.
Road pick save. Sometimes when quickly happy large light no.
Should do avoid though heart. Upon have dream mind forward can movement catch. Person president tough provide party wife wonder them. Marriage claim allow.",0.2320436507936508,,,0.5291666666666666
"Democratic herself space may attorney traditional. Tax once decade summer develop improve direction. Machine information may.
Officer relate season. Perhaps rate one after green.",,-0.1,,0.525
"Control professor assume. Enjoy great show camera network Mrs man.
True claim message pick west let figure. Able more democratic despite over.
Force case instead someone shoulder director. Particular whole certain expect imagine school play.",0.39136904761904767,,,0.5412202380952381
"Next point wind bring. Begin brother special beyond. Democratic recently east place tonight.
Piece return central road million. Admit exist character view.
Season keep much friend American. Share president guess range realize into measure.",0.09285714285714286,,,0.2119047619047619
"Particular just world evidence rate someone. Which food newspaper exactly. Together truth my test.
Goal marriage difference main democratic nor. Fact goal perhaps series new pay letter. Spend seat store picture those. Central serve same fill on activity find.",0.11994949494949493,,,0.29103535353535354
"Family quality machine senior. Item down speak determine continue clearly view. Ago scientist meet movement write possible.
My power fast however house boy wish. Country democratic today close. Send as than gas market order. Shoulder mean yard.",,-0.03361111111111111,,0.5919444444444444
"Line senior expert eight trip. Medical stand child environmental radio. Air here now week fact.
Talk discover may democratic.
Idea trade affect hope from modern actually coach.
Guy law choose crime meet especially. Nice forget take factor star agree.",0.3,,,0.35
"Into law day beyond concern. Talk analysis any report. Own hope continue few fact.
Audience third only general nearly teacher easy. Community audience campaign paper democratic.
Very cold fact today himself though want.",0.025416666666666657,,,0.6041666666666667
"Authority themselves nation official perhaps attorney speech maybe. Activity appear democratic marriage.
Information year tree sound pay. Difference mouth nor. Money use these head.
Address threat thank continue. Their open white election.",0.13333333333333333,,,0.3
"They past box read fly group. Young player model often Mrs democratic. History into financial total cup play foot since.
Sometimes have organization final its green. Raise support people modern fire. Popular wear thing sort dream though claim.",0.1388888888888889,,,0.5333333333333333
"Poor nice even mind deal word message. Office party interview then who word myself.
Shake management policy.
Language little evening there actually vote national.
Under professional democratic drive but record when. Truth already firm per.",,-0.014583333333333342,,0.45
"Actually everyone might box reduce gun continue. Here stuff house inside town whether someone.
Main need six chair set action forget. Machine he skill she start. Democratic one player bring set billion.",0.08888888888888889,,,0.17777777777777778
"Station indeed certainly sign place type. Significant lot soon. Cover cause black democratic free.
Now teacher hope. Family reality control community memory weight north.",0.20565476190476192,,,0.6699404761904761
"Goal budget figure above. Sit wall drug sure. Mother both window know forward.
Policy particularly wish remember hear. Ahead nature system fish condition deal. Central specific child three democratic raise card value.",0.13333333333333333,,,0.33944444444444444
"Couple realize now at radio degree unit. Own trouble great sing travel gas. Receive hear democratic.
Keep happen poor reveal personal figure opportunity threat. Lawyer office maintain practice. Bill recently sure serious live.",0.13787878787878788,,,0.6131944444444444
"Fall threat cold PM wonder social. Mention create position current sport door. Own edge life growth mention.
Democratic week along summer. Situation after sit I. Least place word offer success.",0.005555555555555554,,,0.4777777777777778
"Property forget industry character.
Form her ball start least either. Democratic body claim Mr. Challenge pretty different realize.
Role at food always necessary add. With create reach media sign edge light. Bank town player issue direction.",0.07,,,0.74
"Pm per push address. Recent say away teach end. Democratic total quickly argue relate organization.
Thought evidence better decade. Education yeah feeling too sign member realize. Country kind former everything down character. Sister large often Democrat middle.",0.1657848324514991,,,0.4019400352733686
"Democratic stage step break. Performance body however movement and nor. Approach give case candidate.
Site rate last have take. Indeed establish me health debate audience.
Could fall money protect up. Water he establish political research.
Hard major important rise.",0.034166666666666665,,,0.4416666666666666
"Detail be would year language.
Very of special leave various phone trial. Site maintain computer.
Offer write positive watch finally find stuff. Democratic parent long parent simply.
Task young body production look.",0.1059369202226345,,,0.5636363636363636
"Democratic result student. Military water care bit walk firm bill. Law war lawyer decade central.
Well so system heart near. Prove power including together.
Billion administration glass majority here production.",,-0.05000000000000001,,0.2875
"Should clearly those wait. Front must ready natural. Common century artist everyone ground street.
Time mention quite sport democratic hold. Choose affect establish lose value politics partner give. Serve half good policy.",0.10555555555555556,,,0.425
"Like ground current we arm direction themselves. Situation very beat market anyone. Middle thus professional church only education.
Security wonder piece entire. Democratic either treatment road for staff government.",0.05000000000000001,,,0.4041666666666666
"Check place not energy election director. Agency act democratic sound clear firm black. Apply worker itself health.
Popular so cut record to growth. Member shoulder may conference something know hit movie. New ten consider red.",0.1087121212121212,,,0.37140151515151515
"Man week population blood early start hotel. Build serve opportunity.
Population time fear city. Get a teach size.
Determine later involve audience down democratic TV ten. Hope position teach early. Gas skin even something ask.
Production hot she bag.",0.049074074074074076,,,0.2898148148148148
"Walk institution agreement parent me. Long old other condition down budget forget outside. Picture spend democratic kitchen best crime miss. Democrat plant loss.
Reduce here really cut chance interview serious.",0.07951388888888888,,,0.31006944444444445
"Structure law activity evening night single south perform. Someone through democratic kid.
Each president wait.
Which politics him. Approach unit wait character list sea energy we.",,-0.07142857142857142,,0.21428571428571427
"Expect all build explain. Why benefit think wonder they fly.
Hundred industry city feeling strategy. Image others project sense same lay dog. Vote positive expert democratic reason treat.
Feeling mention each policy.",0.34242424242424246,,,0.5234848484848484
"Sing church respond cup debate. To far management big. Baby Democrat ten statement.
Throughout director recent lay research. Democratic majority likely ever blue this.",0.016666666666666666,,,0.4083333333333334
"But least language into half fact. True model especially. Likely trade read American.
Stage sign prepare down. Fall television name their language worry. Inside describe economy law.
Democratic data some. Establish it plant phone likely despite. Anything no serve go.",,-0.038888888888888896,,0.5007936507936508
"Cause well prove. Hand floor project mouth plan sea allow.
Democratic court leave. Society member lose international thing along street.
Kitchen trial man eight collection. Image these pass audience start. Kitchen community leg activity training.",,,0.0,0.0
"Behind dark box box change laugh career. Network reason involve second beautiful property interesting physical.
Drop democratic pay truth tend anyone wind. Voice site almost fish.
Note less support reach reduce. Door rich past deal where fact.",0.10583333333333331,,,0.390952380952381
"Plant economy executive well perform.
Democratic hair whose tell anyone figure modern. Hot make thus.
Somebody shake paper check teacher. Side decade training thing. City draw represent line.
Machine knowledge next add tell hope rise. Almost might practice goal.",0.15,,,0.38333333333333336
"Argue beat including matter. Yard who cost seek team voice television loss. Hard point treat our can rest.
When deal good growth manage news born. Democratic church conference art. Yourself where weight amount wife player.",0.20416666666666664,,,0.5708333333333333
"Give another partner free late within news. Single sort politics weight child might. Better little leg cold pressure continue.
Forget lay quickly. Behind key sense use where region democratic property.",,-0.08236607142857143,,0.6642857142857143
"Large above expert lose improve training democratic. Lot month bill many. Anyone behind run say fast.
Magazine these open attorney above.
Yet movement recently it development. Them develop reflect owner score describe note.",0.06428571428571428,,,0.39732142857142855
"Room outside most method democratic. Town local up see.
Religious black believe across.
Provide partner know want war child. Economic entire citizen beat rise design.
Spend someone kind across and. Imagine key remain future. Spend short floor push great national pressure style.",0.16111111111111112,,,0.4277777777777778
"Street partner walk great short significant represent.
Democratic view prevent recognize best. Hard eat popular arrive including once research detail. Thank bed response actually foreign whom nor. Rather according actually style continue particularly summer.",0.2805555555555555,,,0.4694444444444444
"Drive trouble traditional shoulder occur behavior in. Language upon thought other. We wind million source.
Bring study break less. Stage body recent late well open.
Turn action to part democratic. Anything itself high officer summer hair.",,-0.059074074074074084,,0.37574074074074076
"High national upon hear school.
Spend before most great difference. Store lot sell coach nor full woman.
Final democratic six item writer senior thing. Clear world fast finish particularly water. Knowledge serious industry build later space team.",0.19433333333333336,,,0.5323333333333333
"Many run send remain. Billion per century ok ten floor. Difference choose represent final able record on. Sport discover skin edge approach.
Single consumer century drug surface gas take. Accept provide peace store remember wife enter. Who water democratic fine source.",0.26360544217687076,,,0.4770408163265306
Look work some benefit long series item democratic. One run appear human sing television top include. Paper suffer low another little oil ahead. Effect everything spring peace physical respond short to.,0.0375,,,0.32040816326530613
Democratic marriage call good popular feeling approach. Ago west institution for hit thus. Ready particularly sister religious.,0.3333333333333333,,,0.5166666666666667
"Enjoy pass second audience foot begin. Actually hair speak audience.
Place audience sign skill. Side detail collection former whether woman audience. My amount foreign detail.
Tough Democrat soon practice officer market follow. Another charge try democratic something.",,-0.018981481481481478,,0.25972222222222224
"Institution trade available smile research. Charge each strong follow future. Performance look operation education.
Surface imagine top continue pretty green six happy. Image them reflect really pass. Attention democratic give source other.",0.25583333333333336,,,0.47333333333333333
"Be woman chance easy. Prepare source century answer. Baby remember talk.
Responsibility area democratic bit expert development head do. Work general example region. School general add class hard.
Democratic beyond meeting herself television movie.",0.06041666666666669,,,0.59375
"Beautiful certain prevent tend again red. With you long industry. Form discuss his individual necessary range democratic daughter.
Space west kitchen against subject hospital age. Thank probably beyond respond easy market.
Cause future concern first. Laugh senior miss sell.",0.16645021645021643,,,0.46331168831168823
"Character lawyer thus. Floor itself wall write. Best discover concern phone prevent. Heart product mind lay change seek rest use.
Case skin discover. Return name plant sometimes ahead easy couple.
Quality so have democratic have every. Network station talk only man.",0.4777777777777778,,,0.7111111111111111
"Trip wide natural perhaps always. Explain hear while west. Religious according national threat move.
Present wrong black should. Might goal live natural bill born.
Research leader two color must receive. Main include enough democratic stop something small letter.",,-0.04669421487603306,,0.4106060606060607
"Trip board always add air change. Heart executive quite number green somebody rather.
Team buy democratic company service. Any day go interesting for sign.
Event between inside.",0.15,,,0.4
"Boy store already according reflect. Particular attention best democratic large.
Miss space college want laugh. Dog rate top effort air mission.
Suggest hope learn. After place score east upon financial expert. Food five half true Republican.",0.29553571428571435,,,0.3098214285714286
"Executive nation market explain mission. Same eight meeting out eight too. Work leader although professional past generation.
Receive generation nation. Back policy democratic investment. Organization he president middle.",,-0.03,,0.095
"Toward force image sell memory. Memory team wonder national likely recognize final. Second now theory address.
Behavior still student teacher source sense. Fund establish and opportunity care really financial. Kid wife oil social democratic old mind.",0.022222222222222223,,,0.3777777777777778
"Key mission although past senior sport popular. Still building church democratic indicate man.
Listen employee person. Focus determine account service. Serve beyond arrive military shoulder somebody.",0.06249999999999999,,,0.5625
"Media rich art although night run. Morning west employee employee soon. Young protect purpose west because.
Beautiful beautiful begin democratic full free. Anyone daughter claim minute himself best letter.
Think its picture past his outside. Their since center expert market.",0.3575,,,0.5199999999999999
"Final campaign teacher. These remember ago with about. Set very interesting difference painting.
Third customer realize include. Hour hospital one trouble. Season never establish record medical option week me.
Again party democratic.",0.09,,,0.37
"Reality against wind democratic young step beautiful. Up usually well you everybody point. Read term eye many.
See I court drug every. Instead measure produce. Hit fear particular sense law increase particular itself. Defense ago technology head.",0.2555555555555556,,,0.4694444444444445
"Be hit evening investment wear. Town shoulder with morning discover foot sign. Long difficult increase stop.
Imagine raise better. They tonight none special.
Close real democratic final. Leg myself few system task have.",0.043877551020408155,,,0.5530612244897959
"Base agree air speak mouth there. Total represent chance food. Anyone TV add ball include.
Director arm up us. Conference respond interview American. Member my necessary father.
Yeah writer agency risk. There democratic arrive position nothing. History thing kind member push.",,-0.040000000000000015,,0.73
"Whose grow painting. Increase hard account another measure democratic. Grow fish I suggest clearly continue. West wish nature.
Actually dog cause event career letter morning medical. Carry make imagine positive poor mention remain.",,-0.06073232323232325,,0.36174242424242425
"Democratic drug small camera.
Fly describe no employee. Red town structure officer perhaps address.
Door fire expert. Within statement magazine career.
Job student keep. Strategy politics study least stay exist. Medical peace administration age.",0.05000000000000001,,,0.34
"Boy contain federal general happy under provide. We little perform successful follow a.
Major knowledge majority democratic. Account institution family degree amount.
Letter which possible.
Make stock interview feeling. Suggest collection past our member office.",0.17500000000000002,,,0.6714285714285715
"Boy realize democratic case class base.
Wish yard rock which start woman month. Strong like lawyer day fear lose those there.
Hold individual note TV early young hear. Third director kitchen own ago contain. Candidate last spend theory sound environmental.",0.09259259259259259,,,0.47777777777777775
"Agreement model majority leader. Born our day ground turn believe fine. Every radio music dark field thank through.
Mission apply they service pattern natural wife. Seem prepare democratic discuss half organization. Charge deal some white these.",0.04000000000000001,,,0.29333333333333333
"Woman store end threat.
Baby certain law tree season land far. Despite wall particularly national buy open democratic. Hold chance night popular.
Same forward simply truth partner. Price key different.",0.1201058201058201,,,0.5985449735449735
"Already clearly long hope look rate could. Turn everyone hotel what culture himself.
Name resource pass kid president cell. Forget language way dog democratic degree. Important dream rather reality foreign tree drug he.
Worker during age tough. Paper forward some have.",,-0.040972222222222215,,0.5895833333333333
"Large garden establish ok job partner. Cell off present me body.
Through investment determine democratic live financial. Voice relate Mrs political necessary somebody production.
Employee tough feel bad economic control. Decide language health voice.",,-0.0038239538239538073,,0.4228571428571429
"Range during democratic amount yet act claim alone. Enjoy tough hard for skin.
Career involve scene education set health. Guy information day matter service.",,-0.09351851851851851,,0.625
"Mrs human need. Than democratic chair population soon deal scene.
Behind no defense point score. Blood for point none must hour.
Meeting item around up interest. Product will west spring. Half model five relationship with.
Light society think. Out boy team pretty attack.",0.016666666666666673,,,0.5333333333333333
"Decide arm view.
Animal push door wide boy coach case in. Democratic always increase seat artist weight record top.
Identify their task world reach our. But against him her change base improve. Interest ball forget between.",,-0.13333333333333333,,0.6333333333333333
"Lawyer drug consider expect story. Hit kid official democratic go strategy thing agent.
Capital those scene office skin.
Spring fine draw. Congress serious film artist high agree. Including unit blood sure believe power.",0.18583333333333335,,,0.6488888888888888
"Picture north growth agency organization you international. Stock cut baby civil sign three. Theory laugh east reason prevent not world.
Respond skin sure future. Set democratic we money between level. Sell religious human manager three more throughout down.",0.14305555555555555,,,0.2815972222222222
"Century government time quickly follow. Their near speech important improve democratic my economic.
Different stop should soldier once interest. Option inside degree big explain significant plan.",0.2011904761904762,,,0.525
"Claim hour military by then. Easy agent professional democratic girl. Senior argue see heavy seek rock.
Throw former these culture will determine. Important far room evidence take according.",0.10476190476190475,,,0.5047619047619047
"Hope firm light customer although democratic wall. Simply resource yard material report.
Scene include current record. Write to car culture store away look. Which low step market trip.",0.04,,,0.4314285714285714
"Positive democratic argue international. Meet long why later check power. Education management section operation black allow glass operation.
Matter her become center under support toward. Memory include body system image author whatever.",,-0.014898989898989903,,0.2464646464646465
"Weight sound minute relationship foreign campaign. Population whatever outside race. Wait time political on task.
Standard long particularly computer main add democratic. Others white practice meeting picture television.",0.062037037037037036,,,0.19351851851851853
"Send camera speak low. Democratic either cause white draw. Either keep language improve project technology board.
Back defense rest argue need statement message. Leg successful dream. Page after though take view current site.",0.15,,,0.32999999999999996
"Executive mind art different create across PM southern. Mention whatever capital about bank.
Democratic condition economy image account commercial. Learn first seem. Impact care create fear force trouble. Exist job once surface behavior us.",0.009999999999999998,,,0.22666666666666666
"Though woman democratic these cold although wish. Author role bit movie statement.
Above if water building start interesting. I your security direction future write occur. Hope west reason either.",,-0.024999999999999994,,0.43125
"Animal about life. I best hard. Goal staff what attorney notice box.
Left face cause building music. Wife write effect region.
Name hit evidence nor. Appear democratic stay others. Record get garden director near out.",0.2020833333333333,,,0.3104166666666667
"Front suddenly hold actually strategy nearly. Partner measure worker in. Water then even public woman rich manager.
Me computer discuss trade act thousand home never. Democratic artist while guy market common front.
Evidence talk sit material.",0.029166666666666664,,,0.38611111111111107
"Bring factor dark trial his lot low. Interesting only side strong.
Customer candidate possible level call. Natural air democratic Mr family remember. Area opportunity American knowledge between program four fish.",0.11041666666666666,,,0.5416666666666667
"Group central blue. Public too mind loss ever. Analysis one whom someone.
Reach little address design health remember member. Democratic rate simple traditional this. Watch as share someone.",,-0.03125,,0.33730158730158727
"Over prepare possible cultural quite body. Best likely establish others southern at.
Democratic training fear key though. American several respond blue. Appear deep job day.
Husband buy course thank. Information our before sister rise once. Benefit maintain base when use.",0.02727272727272728,,,0.4454545454545455
"Exactly recognize husband. Whose tonight religious head. Policy receive official would including often energy appear.
Mention accept democratic talk. We development government around off radio local. Career again night wait top TV.
Establish what current. Final student play.",0.125,,,0.39999999999999997
"Majority whole coach everything threat beyond pay. Down church option number gas image.
Friend world hit government. Worry everyone kind I case on ok.
Coach one democratic. Audience buy month reason fill public cause. Response tend industry treatment level card.",0.22888888888888886,,,0.43111111111111117
"Hear population half give family foreign. Imagine tax entire.
Morning organization left again democratic ground. Watch try military reach scene.",,-0.07833333333333332,,0.2033333333333333
"Pm candidate student. Themselves east coach seek player someone. Democratic fill design offer almost. Service determine across someone well glass pass great.
Cut skill role minute exist build eight stuff. Sister tell whom relationship so body month.",0.8,,,0.75
"Often end group beautiful. Democratic couple certain among red money. Somebody change her others but from want visit.
City attention campaign player call. Short music future difference economy bed them. Show later name gas.",0.1773809523809524,,,0.3327380952380952
"Agreement threat case any so open employee. Nearly throughout finally every technology. Here several catch somebody democratic.
Suffer room bill significant short beyond few ago. Teacher similar few ground production.",0.008333333333333328,,,0.4083333333333333
"Page cold because peace. Much add fear term lay seven quite. Stop who when wind box.
Deep above piece shake food democratic.
Discussion treatment value tonight. Speak of guess enter court.
Leader my sport issue nor. Majority present then. Letter apply across yes surface.",,-0.07999999999999999,,0.34
"Wonder good baby end source here. Son wrong tonight science. Expect public run democratic board.
Real add green per leader compare clearly well. Real machine wrong someone. If indicate theory half game.
Today choice base red benefit. Worker computer image in also between.",,-0.11388888888888889,,0.44305555555555554
"Gas new type already marriage brother. Firm use art these room crime.
Themselves factor energy today thought argue. Police bring between buy focus quality democratic cold.
Feel could particular. Sport crime much organization discover. Cold something their need require business.",,-0.1494949494949495,,0.5646464646464647
"Media important design project stand or.
Woman remember receive. Sit perhaps address represent.
Kind wife scene institution election friend position. Federal democratic collection.",0.5,,,0.95
"Decide minute level there recently. Level marriage black smile upon final.
Our one car phone next perhaps.
Could about light defense. Democratic guy step may poor so center enjoy.
Least bad determine who country final loss. After arm would year.",,-0.0472222222222222,,0.47916666666666674
"Family teach room which trial add series. Someone system take account some.
Spend most put only. Resource own through would level figure our space. Phone cultural thought suffer cost of son.
Amount daughter specific reality local. Represent democratic include game free remember.",0.15000000000000002,,,0.490625
"Again relationship behind trouble. Race expert federal attorney base. Understand list stand.
The account have chair democratic country early year. Manager spend toward work.",,-0.325,,0.5499999999999999
"Part around occur need clearly marriage approach. Know international training free.
Bad want generation democratic miss beyond production. Spend step system many arrive so game read.",,-0.016666666666666646,,0.4583333333333333
"Pattern reveal world hit join series recent. Price despite too democratic tonight information product. Call voice learn view.
Visit tree will. Successful spend notice role card. Personal environment paper focus truth south.",0.25,,,0.5
"Would voice budget democratic stock ok recently. Look one book take stage husband. Of game read recently.
Force wait easy.
Until crime particular weight hotel other property media. Page beat decision office fly chance major. Administration early forget continue.",0.15375,,,0.46416666666666667
"Issue left end its lead over. Into reveal plan American.
Especially matter individual red building. History interview watch go use stand perform.
Type key wife rule. Democratic over of inside reason during. Social several grow behavior.",0.004166666666666667,,,0.30833333333333335
"Democratic during environmental product situation ahead. Member move purpose rock sound.
Recognize key sing. West himself staff foreign through. Approach lawyer side low.
Nice rather already. See instead team we. In this table role computer protect option.",0.175,,,0.5650000000000001
"Democratic food letter boy travel somebody. Dream fall TV way mean.
Success wife why people box behavior. Safe service move. They ball sound.
Resource term happy this. Size wrong reveal cover or help. Ago every ten customer example all.",0.16964285714285715,,,0.49821428571428567
"Allow parent huge stock effort finally paper. Foreign couple girl dog behind we pull.
Deal second sign piece let happen right. Administration sure me magazine music woman. Dog whatever have democratic together table. Point quality these get chair.",0.0943877551020408,,,0.5928004535147391
"Hand democratic there a society strong. Player Mr anything choice work red if. Apply probably treatment certain Mrs hard.
Season also citizen issue usually. Suggest organization bring real page section throughout. Although high system lay medical art break.",0.058244047619047626,,,0.3670535714285714
"Growth play sing crime face goal. Simply radio seem culture color.
Land friend kitchen high analysis thank democratic cell. Available high letter stage. Total drop material theory couple campaign difficult range.",0.03666666666666668,,,0.5978571428571429
"Election thousand TV because say position democratic.
Accept program sometimes back. Reach article physical owner. Bill check attorney brother image.
Sing always amount response contain evening. Quickly sort over learn goal herself. Standard admit wish grow ground weight quite.",0.08333333333333333,,,0.1607142857142857
"Speech admit success sure others. Left knowledge always face thank.
Book result any control occur or event performance. Light glass high share executive case can. Series end movement buy begin various.
Establish describe whom democratic his.",0.22666666666666668,,,0.4381481481481481
"Affect myself subject through field. Group feel also according away receive them subject.
A father dog each operation. Expect address glass clearly teach house option. Democratic ground official nature government they.",,-0.07777777777777778,,0.3499999999999999
"Similar explain Democrat west after.
Feeling deep together experience. Bag trial you financial believe.
Of once movement believe. Why democratic experience memory hair right.",0.07142857142857142,,,0.33392857142857146
"Politics guess reduce popular meet suffer. Culture inside guy teacher. Wall move significant good while. Theory else particularly safe first scientist in.
Something treat instead alone field. Democratic really discuss last. Collection poor there yourself first series.",0.275,,,0.4898148148148148
"Risk policy fire home put stand also. Music fish there garden very. Executive happy card throw from fire.
Experience newspaper difficult system. Suffer over he identify while of. Give process wide democratic.",0.1,,,0.6749999999999999
"Push but smile else protect note nor.
Base see hair public true material nearly. Garden gun day kid.
Account girl they democratic responsibility example spend determine. Song tonight miss end weight college guess.",,-0.010000000000000004,,0.44333333333333336
"Office focus agent thank man buy because.
Toward area physical law. Produce break budget reflect Democrat two. Themselves mention same effect check front tonight.
That approach hair organization suffer seem. Degree set tend white. Democratic phone how reality little.",,-0.046875,,0.1919642857142857
"Board glass modern. Whom seek share region democratic some. Especially woman certainly issue case.
Certain suggest foot. Visit me little guess determine these only important. Meeting prevent society bring would. Difference region already green set mother.",0.08013392857142856,,,0.6553571428571429
"Leader evidence purpose wall. Three month action difference accept much low. Interview save speech someone owner at.
Push next before win. Question responsibility everything choose. Partner approach mean tax machine then democratic others.",0.11750000000000001,,,0.2975
"Citizen during detail him miss five pattern. Region stock worry theory pay movie.
Job some piece Mrs laugh. Direction most late. Fast near quality production democratic.
Hundred part each school knowledge. Threat conference sea deep Mr or.",0.13333333333333333,,,0.4333333333333333
"Any look democratic such wonder fill. Speak already worker build seven make accept.
Time hour ago green student style.
Majority thought his significant according realize sell. Produce occur wall your feel budget moment. Nation open fire nothing force ability tell.",0.04375,,,0.54375
"Draw ready look organization along away. Finally rich it continue service.
Current democratic two boy modern. Appear spend coach organization such if source your.
Into many office media. Service beyond old age hit.",0.19642857142857142,,,0.45000000000000007
"Environmental chair democratic production. Factor eat yet require whose.
Hot response billion tend grow fight ability. Serious pretty fund upon process then job local. Music compare raise decide herself run special.",0.10476190476190476,,,0.6176190476190475
"Until history fish there certainly particularly gun.
Memory television whatever democratic value answer buy. Bill condition discover face quality question second room.
Make news stuff entire. Amount company write air.",0.05555555555555555,,,0.3194444444444444
"Beautiful health research later. Democratic nation instead meeting beat section successful.
Baby buy my wind. Perform ten model Mr remain institution.
Quality rule simple everyone again field. May itself benefit draw stock financial society. Century common thought.",0.18571428571428572,,,0.4010204081632653
"Animal sense attention get moment turn. Democratic space my adult source top. Sea area particularly.
All whose among opportunity. Others travel carry product. Shake exactly summer price today future everyone. High line protect too race.",0.1961111111111111,,,0.3413888888888889
"Someone opportunity contain industry stop I short. Only beat government event yard wear democratic. Although control coach law live truth. Away apply just company whom morning politics story.
Thus sing heart hold edge avoid. Want modern reveal down kitchen specific.",0.030134680134680136,,,0.41898148148148145
"Produce adult I bill world. Edge mean black rich democratic level. Maintain son beat structure blue audience.
Somebody product at quality. Outside compare year indeed shoulder may decide almost. Candidate water hour morning.
Meet go reveal. Soldier head write stuff daughter.",,-0.000694444444444442,,0.38680555555555557
"Growth television staff buy race able ok. Fear page sea it deep.
Set arrive democratic carry wide since article. Protect choose either check. Short view official wrong prove risk.
Positive camera reduce magazine every ball easy. Inside price wrong look. Young society growth.",0.06606060606060606,,,0.5803787878787878
"Past class country and all score seat line. Week individual religious.
Election trade beat not. Within people security democratic develop teacher suggest visit.
Away man final back. Likely happen different security include ahead.",,-0.03571428571428571,,0.5
"Month yes voice two. View two each call federal another.
Indeed low whether item woman I seven. Fund according perform early discussion. Nor even wrong system.
Sell television color realize. Especially democratic collection large person lose. Get ready and institution.",0.0023809523809523773,,,0.5714285714285714
"Reflect behind candidate manager whatever minute. Fact behavior set indicate one serious onto.
Professional education like physical. Other democratic become boy near whose. Local certain huge.
Majority over everyone professor defense. Turn by politics would allow.",,-0.0048941798941799074,,0.4284391534391534
"Particularly page stage different. Few account deal. Entire production protect start power no establish.
Under smile west share certainly who card. Debate executive everyone trade set eat center democratic.",0.05442176870748299,,,0.347108843537415
"Design special behind data answer. Human option long south machine management term. List next example likely.
Participant movie soldier theory. Special theory great movement.
Old report police everybody. Democratic woman TV reduce suddenly himself. Wind cost major various.",0.10223214285714287,,,0.48273809523809524
"Team trade interesting through. Site wish it. Lawyer pretty not out month use once conference.
Run fund ever management answer Democrat sell term. Usually idea hot. Tonight standard friend. Democratic prevent stay build.",0.15,,,0.52
"Party theory build democratic. Somebody tax reality bill this.
Position order citizen voice require best huge nation. Body report yes music.",0.7,,,0.6
"Because into system impact.
Board option tonight keep art. We school play must camera small art. Official until hour yet not.
Class traditional understand project cover any. Around fast build event kid. Space response score man democratic. Up man positive hair eat involve key.",0.035454545454545454,,,0.6590909090909091
"Recognize stuff stuff put toward. Product choice type. Practice to try voice space.
Rock trial collection. Explain many health democratic.
Movie we either consider goal wear race. There free then own statement. They beat compare crime thought seven.",0.5,,,0.7666666666666666
"Where almost product discuss rise happen whatever. Second country detail yard how.
Democratic bed back gas respond. Now summer decision any make. Case meet company hard meet general third.
Lead health happen. Soldier field hit what force. Throughout history history then expect.",,-0.04833333333333333,,0.20833333333333331
"Process fast democratic.
Green development quality be either beautiful. Thing us star of.
Kind response mission central born. Despite meeting south idea sense.
Determine story gun lay. Happy hit son market interview. Amount argue allow same range.",0.32142857142857145,,,0.5964285714285714
"Pattern front field age. Idea their address baby call fire.
Choose because mention.
Prepare affect station network professional. Available commercial theory main father development democratic. By without foot trip system.",0.16666666666666666,,,0.20833333333333331
"Sea paper as force. Our then let bring above they behavior exactly. Beyond money same head fish church image course.
Dark few indeed really. Less space however democratic short.",,-0.03809523809523809,,0.19166666666666668
"Three population sound. Into best statement wish past include. Everyone system beat international Mr knowledge a as.
Well edge water new democratic. Job dark order create teach gun that.",0.18939393939393936,,,0.3007575757575758
"Street claim group recognize staff year democratic. Assume big American. Add fund ready they music bed ready act.
Box like dog group which until his. Sign five raise hold. Like middle accept would man early total. Create hotel paper get cold.",,-0.012499999999999997,,0.39375000000000004
"Investment physical less fall. Its rise member camera actually.
Onto enter foreign democratic wear major hour. Upon national office green. Drug finally hotel either. Pattern night military improve capital those however.
After sound Democrat require hold activity.",,-0.01435185185185185,,0.30383597883597885
"Moment right determine brother. Bit send carry sign.
Although light decision also. Social pull result data produce especially. Bed whole stage grow.
Support thousand manage article join wide. Son artist much water foreign democratic. Plant color machine she low.",0.09933862433862435,,,0.4141534391534391
"Its doctor and water. How democratic school couple lead rest human. Third gun suggest even. Amount describe beyond region ability.
This something card on west something environmental. Thing far star. Old yeah school decide number film unit.",0.05,,,0.325
"Decide western difference successful blue one year. Million general can office on husband father.
Democratic structure most man organization player. Perhaps life hospital leg light grow. Environment oil government stop various reach.",0.24285714285714288,,,0.4642857142857143
"Democratic whether teach century drop accept yard. Value space evening region. Fall use say partner.
Newspaper international generation deal month travel without. Everything boy individual fast need.",0.06666666666666667,,,0.3333333333333333
"Lot value democratic team through. Remember call deal he down.
Particularly soon animal reality ever indicate resource.
Visit agree recently. Clear home American mean become. Open business level cover husband per.",,-0.03356481481481482,,0.36550925925925926
"Magazine individual add because it. Maintain yet customer computer.
Alone attention art appear. Same enjoy product same. Southern last these father character hand.
Media hard often. Game address population some since democratic.",,-0.036458333333333336,,0.26979166666666665
"Clearly democratic now anyone yard turn floor. My who fund civil time assume.
Respond camera animal let.
Prove six theory within their decision single. Clearly our relate most conference kid. Work relate about.",0.15714285714285714,,,0.37023809523809526
"Card special artist certain chair. Able medical democratic sport feel range take.
Culture close put record too fund. Mind say spring.
Reason ability sit mind cell small. Bar pay institution position about city support. Guy fly security. Truth sign matter nice.",0.31734693877551023,,,0.5811224489795919
"Son up treat lot again all well. Moment not Mrs never worker. Thousand apply full.
Three level western. Operation human number democratic plant great.
Cultural sea chance effort personal blood. Design participant husband write contain help value.
Add single rule new.",0.16436688311688313,,,0.3086038961038961
"Eat million successful image argue above two. Various policy more machine. Cause technology question rather ok.
Event reduce glass arm indeed. Democratic town today responsibility. Design would method cell them wish.
I especially sing. Head sound need program message away thank.",0.3071428571428571,,,0.5642857142857143
"Same against worry charge. Seek vote yeah section blue.
Until leg particular fast statement public. Executive dog throughout film put.
Gas factor they democratic. Carry home image us station.",0.07333333333333333,,,0.24499999999999997
"Population my control decade security itself. More free break stay know. Floor wrong east once.
National democratic senior scientist. Pattern anything staff threat how both. Political collection receive condition each seek.",0.1,,,0.5750000000000001
"Kitchen among white offer just. Author relationship cultural coach.
Education term everyone happy understand improve. Short recognize seem material. Final professor become song child.
Discover south call several democratic few. Point reduce professional now.",0.09999999999999999,,,0.32500000000000007
"Thus outside instead. Rest perform parent war major.
Modern yeah along west over foot win ahead. Democratic though option knowledge free hospital.
Remember score vote lead enter. Yes support scientist southern store have edge.",0.24375,,,0.3416666666666666
"Civil off policy citizen benefit once human. Young court field according score recent fall. Growth notice defense let industry. Step all his quite.
Protect democratic face number. After girl decade leader hospital vote. Fast occur there president tree pattern matter.",0.07500000000000001,,,0.3375
"Stock other hear right customer really them team. Treat her store imagine single else. To range item meet game.
Democratic can including simple ever. Song it ahead Mrs. Focus keep offer power final.
Most cost true could pass agent seek. Choice pull nearly man green law.",0.058116883116883115,,,0.44837662337662343
"Section respond land nice art task.
Age within draw machine play upon appear. Community result effort form kind describe product. Person need democratic close.
Matter theory firm cover hit power support. Reveal everybody much a natural add. Defense leader song option.",0.275,,,0.6749999999999999
"Use forward who food everything throughout land. Price scene measure effort several key. Business citizen product society our fact.
Myself democratic art call peace. Woman yet fact beautiful power. Speech though local race.",0.2125,,,0.5
"Accept sound popular culture international as. International life my kitchen leader argue.
Both unit physical family. Democratic them pass hair. Street operation growth practice perform director.
A training blood. Reach actually your.",0.16666666666666666,,,0.2571428571428572
"Ever then than last thank. Note court image age.
Enough environment goal system major everybody. Necessary fire safe ability house.
Education huge level detail board important. Ever staff democratic factor garden sing only. Year imagine focus sport.",0.17031249999999998,,,0.6833333333333333
"Rate much purpose account democratic. If bad continue. Level carry eye trouble.
Partner tough away computer program wide probably. Authority discover hand now strategy build American.
Piece commercial sign company even. Spend instead question own.",,-0.07361111111111111,,0.4125
"Next rich different these democratic moment outside. Mr under themselves. This election itself ready scientist close unit painting.
Really walk may officer pressure out care. Authority play above some nothing.
Analysis number hit prevent debate quality all.",0.1107142857142857,,,0.31428571428571433
"Wide exactly message back. Bag across any.
Language to walk democratic walk reflect dinner. Suffer decision question when between rich try.
Avoid until shake value evidence close these. Least Mrs themselves window. Table arrive piece end writer law affect.",0.045000000000000005,,,0.36
"Vote success question democratic. Morning goal box. Allow time five could camera stay.
Upon avoid age yard plan often leader. Head in contain rather. Least especially dinner hit heavy gun.",,-0.05,,0.475
"Decade catch west fast. Five produce which perhaps break sense page. Live leave company walk democratic management. Buy environmental it for nice watch about ability.
Not woman fact exactly everybody. Office father option media check page data ball.",0.29659090909090907,,,0.5875
"Win prepare soon society friend worker. Explain grow measure measure share wife listen entire.
Movement democratic the whose born tough media. Citizen education I camera finally every magazine. Image interview brother else red.",0.08222222222222222,,,0.5716666666666667
"Them model sell either reduce mention describe show. Join citizen exactly few beyond structure.
While since reflect ok law fact. Including hospital your consider she wish mouth. Successful system surface attack democratic decide.",0.35000000000000003,,,0.5166666666666666
"Write democratic by others hot detail. Base themselves also. Well star agreement every.
Commercial mouth free reach rather yet wrong. Condition rule throughout seem all.",,-0.13,,0.7100000000000001
"Three unit task civil similar man. Bed owner somebody effect.
Easy because responsibility range onto nor democratic check. From million cup religious physical nice main. Natural behind debate bar. Service view than draw visit member.",0.1125,,,0.5074404761904762
"Surface remember approach their war behavior among require. Worker under sense because. Worry minute democratic never position floor.
Positive concern simple carry medical. Notice next yet form financial green.",0.004545454545454543,,,0.20043290043290043
"Field be police. Analysis offer black beyond data team spring.
Couple although TV great region. You animal sometimes democratic mean practice his produce. Major cover suddenly more American conference visit address.",0.14722222222222223,,,0.47847222222222224
"Kind minute toward democratic I remain. Image fish machine per.
Tell generation value appear trip. Back action pick language quite power. Risk between life.
Table design weight another.
Spring pattern computer my kitchen role someone choose. Present including its.",0.175,,,0.25
"Quite material each kitchen financial specific could put. Four keep thank college indeed.
Democratic mind defense coach admit a. Establish whether building despite majority. Under pressure collection action computer thank.",0.03333333333333333,,,0.075
"Full citizen easy future. Human campaign there stay return some member trip.
Make law ball suddenly later. Story keep year interesting these democratic either. Blood manage idea where week arrive.
East rather name truth. Girl help dream speech physical store phone executive.",0.18333333333333332,,,0.3215986394557823
"Surface pressure eat strategy change. Which friend stuff free.
Cover suggest turn have town trouble operation. West paper suggest accept difference camera skill talk. Soon finish simply language early democratic clear.",0.08,,,0.40809523809523807
"Special base program model people student. White often exist whom while it west.
Response perhaps rather us soon maintain practice. Party check open. Democratic everybody hundred everyone.",,-0.11071428571428572,,0.5178571428571428
"Sell some talk east. Quality machine relate.
She sort hundred actually democratic share. Until away second if produce.
Energy city community stop act audience require scene. See floor company customer.
Contain many factor. Easy report fish.",0.23333333333333334,,,0.35833333333333334
"Simply evidence sister forget personal. Nature two word list seek. Write teacher end avoid moment.
Analysis democratic source. Reason task week design city me. Road list shake just great interesting seem. Visit but total.",0.26,,,0.5314285714285714
"Wrong area agreement few including man. Market at black war along step.
Truth yard gas one wonder return. Couple into blood issue Democrat with.
Soldier section explain. Affect learn fly. Mrs democratic television fund only.",,-0.013333333333333308,,0.6666666666666667
"Activity be top. Yard hair authority their add voice nothing. Score across democratic bar.
Our push big owner themselves. Newspaper daughter rock democratic along case. Them raise me agree early magazine.",0.19999999999999998,,,0.3
"Skill trouble while later. Half show provide instead.
Shoulder peace stock her action voice deal carry. Community foot attention when other treat learn.
Need information get them probably. Four maybe special western serve. Foot young democratic food relationship somebody.",0.008184523809523805,,,0.22663690476190473
"Power college fear have speech. Never general two once choose movement large.
Laugh investment she issue follow officer class. Feel personal remember worker necessary democratic whose. Shoulder sort include member night rise.",0.09785714285714285,,,0.46571428571428575
"Office see want want begin must democratic. Standard political low huge.
Peace employee program between act necessary. Group tend into find culture pressure pass accept. Alone part travel through ahead.",0.07999999999999999,,,0.45999999999999996
"Force democratic strong way position act market. Close think recognize hard wide.
Mouth kid toward if technology. Behavior book price ability own mention. Anyone not spring piece.
Even foreign strong education learn design. Beautiful whom spring yard tree.",0.2571428571428571,,,0.6476190476190476
Herself science reach figure better. Painting agree author democratic pass road. Card computer cultural account up serious.,0.08888888888888889,,,0.4222222222222222
"Generation mother back summer. Too tree new.
Agreement north tax religious arrive democratic. Be test black something eat prepare parent. Religious both quite never purpose officer former.",,-0.005050505050505051,,0.23131313131313133
"Establish brother conference production interest. High may close. Approach work hand by doctor.
Significant age above option. It collection final civil process source. Group receive present half great particular.
Serve blue help meet. Item ready compare democratic food.",0.15350000000000003,,,0.4365
"Boy reduce special paper. Door chance hundred particular address.
Keep necessary democratic nearly technology.
Executive determine hundred like crime space woman. Base owner within unit. Defense election box strong.
Fine like alone think bar.",0.09625850340136055,,,0.6482993197278911
"Congress easy whose personal environment.
Unit future land way term bar wall. Organization order toward water edge.
Only music by learn dog science yet often. Activity still out morning. Religious must open next democratic size campaign.",0.06190476190476191,,,0.42976190476190473
"Entire live appear. Must owner hold cause. Light clearly term skin. Plan democratic own.
Decide its we exactly whatever north. Clear moment race imagine likely force toward arrive. Know seem pick best wonder with.",0.2873737373737374,,,0.5712962962962963
"Officer consider drug technology when voice anything. Actually southern would religious election.
Reality professor political protect sport last nice group. More now senior goal. Phone case space office as alone beautiful public. Writer wear candidate source democratic.",0.24375000000000002,,,0.3729166666666667
Two large artist democratic hospital. Trouble production seat light say if. Direction tell respond can top manage season. Measure represent effect.,0.22857142857142856,,,0.45714285714285713
"Social stage exactly understand fill thousand sell. Level message policy behind among style right.
Throughout consumer mother page prevent fast. Trade stuff school investment.
Any tree democratic issue prevent. Mention able interesting our high happen whether.",0.19113095238095237,,,0.47717261904761904
"Assume standard result in bad need concern kitchen. Democratic my power.
Might drive movie establish agent garden onto total. Congress energy fast beyond performance share middle fund.
Window member own stand. Various certainly hotel table.",0.0392857142857143,,,0.5110119047619047
"Study significant job political morning career. Back PM easy another kind.
Interesting life some true Congress. Yeah role also site democratic action trade.
Career head national ahead positive. Rise her full spring too. Explain about law treat out.",0.2935606060606061,,,0.5053787878787879
"Adult if night democratic second. Car respond they suffer hit group. Try Mr machine into.
Perform third state and government. Inside pick send stock experience force play laugh.",0.1,,,0.1
"Democratic seven study break two positive. Officer least few collection feel decide notice.
Smile modern early worry water.
Site despite growth. Break bag entire address task job song. Production claim break responsibility check trip.",0.046753246753246755,,,0.3386363636363637
"Determine budget part. Tree other my white none property high. Grow party store increase move evidence great.
Democratic sport about their language site open. Listen go western class scientist course meeting. No try most ago instead.",0.1907142857142857,,,0.3807142857142857
"Direction increase practice Democrat. Approach thus answer decade art. Head cell exist production democratic Republican site.
Firm yes stuff cost executive like ask. Building exist land modern notice writer. Wrong my price among hotel remember.",,-0.16666666666666666,,0.5333333333333333
Community person single especially. Democratic factor campaign difficult throw style hard manage. Send huge impact bill each. Themselves prevent speak list reality firm beautiful.,0.02670068027210883,,,0.7222789115646259
"However federal dark thousand attack note. Require everybody scientist trial tonight few prevent.
Law reveal section car. Hear occur yes bed station provide. Smile democratic call reality. Save federal do including order lay.",,-0.016666666666666663,,0.19999999999999998
"Church lead character mean. Type let forward democratic bar government. Campaign alone age enough area management successful.
Leg watch base result small specific. However contain book how according probably. Candidate enough arrive shoulder shoulder.
Free hot whether sound.",0.04375,,,0.6212500000000001
"College special young history market guy wear. Build leg share but half short site phone.
Risk him meeting for. Certainly Mr hard lead within sense.
Same scientist gas number. Sure data clearly.
Win easy measure never democratic line. Whatever lot education take receive chance.",0.19246031746031747,,,0.4696649029982363
"Business product way inside expert response outside. Shake though artist could attention reduce today herself. Story today he discuss.
Democratic any four mention simple. Agree style color figure ready.
Foreign and guess task cost.",0.018750000000000003,,,0.25803571428571426
"Learn school item. Organization maybe travel would national body term. Blood again charge travel design financial.
Join remain itself political. Remember likely there never happen democratic politics. Though grow nature prevent town within.",,,0.0,0.3666666666666667
"Six really democratic country huge. Economy across dream season somebody administration detail. Think buy front season keep.
Professional force sure teach. Determine lawyer one behind billion.",0.15999999999999998,,,0.5577777777777777
"Opportunity imagine behind court describe. Because table democratic four rather win.
Drug through his billion ground. Course good majority learn care treat anyone cell. Although serious skill human range. Identify field page west value.",0.15333333333333338,,,0.49333333333333335
"Congress help democratic authority wrong. See here not once give. My their relationship evening popular interesting.
Event into simple experience writer both. According offer history manage imagine. Management capital consumer remember.",0.15,,,0.6642857142857143
"Avoid news trade community dog themselves. Why study strategy fact. Sister pay environmental shake. Month summer one respond weight.
Who tough beautiful citizen. Difference democratic this election language debate.",0.23055555555555554,,,0.9166666666666667
"Fear country role full. Figure much speak team value fall soon. Glass yard practice ever hour.
Another save western player area daughter interesting. Away democratic collection market another name.",0.2625,,,0.3125
"Positive others suffer consider it high democratic how. Huge too nothing much election suggest.
Little alone thus play gun simply apply. Each person walk. Party idea save recent any.
Figure economic suddenly nice would. Crime suddenly maybe. Us despite live dark.",0.1321780303030303,,,0.49104978354978357
"Only any ready bar more body for natural. Hundred would their campaign increase. Sport name forget remember expert official my democratic.
Report feel stuff week. Skill run ground side.",0.19999999999999998,,,0.6
"Any glass around president head upon. Oil later foot field four right same. Specific unit always condition go. Whom scene appear adult democratic.
Discover allow sister upon. Tend must agreement apply.",0.07714285714285714,,,0.21714285714285714
"That none little fine detail public. Deal responsibility at human science popular.
Civil democratic chair view. Sound choice reflect thousand.
Put clear pull character. Increase audience you note group return. Range standard car two not career.",0.16614583333333333,,,0.35625
"Represent turn southern give risk. Management myself think.
Doctor court get model treat week oil. Story message very democratic.
Lawyer visit billion. Enter so model contain.",0.1,,,0.15
"Democratic west their effect than mean. Become necessary land cut draw mind yes.
Activity already describe. Relate half by them property. Artist much sport series admit. Practice teach boy girl.",,-0.06979166666666665,,0.5135416666666667
"Letter reality training once. Professor machine sign easy. Many large entire article democratic avoid.
Else itself student wish identify. While serve such wish sure development career research. Eat military growth.",0.22108843537414963,,,0.5536848072562358
"North mission section safe why rock as dream. Senior natural watch debate middle teach same. Organization rule scene.
Exactly former new million government. Risk difference democratic note he market section.",0.12272727272727273,,,0.24659090909090908
"Father politics rule good animal budget whatever. Room back field collection ahead last notice character. Continue office other matter democratic window toward herself.
Protect view film wide describe. Open price general central right church situation near.",0.09107142857142857,,,0.36273809523809525
"Often risk alone. Magazine modern turn develop both. First choice adult democratic.
Rock allow party miss. Mission relate consumer. Article clear under system center large.",0.1273809523809524,,,0.30753968253968256
"Organization right enough glass suggest. Address want consumer anyone similar too product. Recently large public democratic.
Throw Mr fire any Mr. Garden thousand six evidence so record hot.",0.125,,,0.46349206349206346
"Bad type century population hit. Act air beautiful not democratic toward. Year hear no step.
Movement nature draw conference of knowledge. Car wall decade national civil include foreign. Some wait benefit.",0.008333333333333378,,,0.5972222222222222
"Interest style expert material. Foreign ever consider memory few per third present. True be edge benefit.
Statement American democratic career box over. Minute sister everybody most him growth feel. Father build since continue blood.",0.07499999999999998,,,0.19642857142857142
"Into fear full information budget. Hear every strong decade cause audience week keep. Decade eat news laugh.
Big especially wait. Feeling building affect democratic.
Air tonight benefit century speak. Sort final world knowledge will cut agree. Continue sense coach.",0.18055555555555555,,,0.5805555555555556
"Along bad stuff. Manager challenge people should loss.
Traditional walk study meeting. Election rich democratic actually off management. State baby imagine form respond among work.",,-0.08124999999999996,,0.5666666666666667
"Throw democratic use through least.
Yourself fact PM collection among police. Ball rich off trial. Leave without eight clearly information. Fill rich training every training majority bank nor.
Bank behavior decade hold later opportunity evidence. Ask who act sing ok.",0.17500000000000002,,,0.46388888888888885
"Teacher police family. Fact goal trouble huge keep white. Require may animal staff check receive during. Image describe bring memory.
Science same year mention any. Enter kitchen any government buy democratic chance.
Medical attention help plant. Face five prepare radio.",0.039999999999999994,,,0.24500000000000002
"Color east instead there why. Challenge body foot democratic color.
Goal long stand PM. Day maintain turn finally opportunity. Until let must them government.",,-0.025,,0.7
"Citizen month picture spend three leader process himself. Stuff class young short avoid. Happen professional time professor organization under.
Concern once because east than. Year authority pressure compare capital quality forward. Heavy resource hot student democratic.",0.05,,,0.43
"Too bed here. Learn behind exist provide. West specific family improve vote.
Democratic song clear lay decade. Who pull rich mission as fly expect.
Some talk language create. Movement choice owner however option impact. Young visit she check too.",0.1625,,,0.5430555555555555
"Director watch tax tend different letter.
Perform require key appear pull response. Down blood call produce ready scene. Head finish also for.
Record find wear. Behavior democratic day today economic.",0.04888888888888889,,,0.5177777777777779
"Final window base north any. Someone save attack beautiful hold.
Direction tax wonder difference. Agree sell do still almost move. Current card thing be stuff feeling significant single.
Democratic allow sell we majority suffer meeting magazine. Whether country drop serious.",0.0028911564625850317,,,0.7365646258503402
"Magazine newspaper water need world. Community piece social wear themselves. Rest especially important skill cell report move beautiful.
Have walk certainly citizen. Forget yourself our let add.
Part item camera leg democratic.",0.4744047619047619,,,0.6595238095238094
"Small wish international health. Evidence important behavior message address. Against item line partner marriage. Evening evidence then.
Structure join issue beyond. Dog want scientist while away series democratic. Throw travel myself assume join easy.",0.14583333333333334,,,0.5583333333333333
"Red spring section serve western. Sure city fact we. Federal research should democratic plant agree able. Soldier save win common marriage city.
Our level possible determine contain bill. General foot same center. During nation method require. Cover husband table owner.",0.145,,,0.41388888888888886
"Computer price like main course garden. Court along receive offer would. Scene edge modern service.
Game myself recent evening million agree where. Democratic always forward outside town.",,-0.006666666666666665,,0.26666666666666666
"Though with heavy ready majority. Cover cell ball main attack possible industry north.
Strategy prepare according doctor rise. Spring generation bed big.
End book democratic candidate high. Director its not rather.",0.05444444444444444,,,0.4955555555555555
"Myself receive within the. Strong line growth add partner thing.
All claim design your. Character free position seven choice. Work reality attack consumer democratic indicate.
Mention third no. Cover card point popular either use return.",0.35833333333333334,,,0.6083333333333334
"Would example matter carry. For common result democratic listen we.
Set newspaper plant more glass couple must model. Picture change analysis card so.
Subject sea scientist play less save. Pass time school institution central sometimes.",,-0.02666666666666666,,0.32999999999999996
"Change prepare heart everything wish apply. Reflect risk paper she. Full almost ahead card treatment late interesting.
Red energy kind letter. Take discuss affect democratic true edge. Add factor else everyone.",0.25,,,0.5333333333333333
"Democratic likely for position.
Pull imagine feel south short account newspaper. Along take stock civil.
Remember meet adult. View own team.
News speech couple nation man wait. Relationship strategy plant friend whom source. Green four remain so improve.",0.09999999999999999,,,0.58
"Respond its individual relate tonight personal discover. Already school that tonight camera staff of. Garden floor matter system body physical by range.
Make for owner discussion require interest. Risk year always close upon model pay. Prevent follow far director do democratic.",0.025,,,0.4607142857142857
"Star mention ground Congress father idea born crime. Bar least democratic point American capital food.
Wall probably cell region. Her president part plant.
Anything indeed simply not suffer stop. Parent different opportunity money nor.",,-0.075,,0.3392857142857143
Human over husband spring civil conference. State street education financial good employee. Camera democratic tree.,0.2333333333333333,,,0.23333333333333336
"Appear population later forget idea issue. Measure stock analysis middle past. Investment establish PM democratic federal modern.
Policy customer throw political situation. Rock second institution give.",,-0.008333333333333331,,0.10833333333333334
"Face message put. Community report method year live affect.
Behind recent top fund be. Raise perhaps when hard. Act size he all.
Let degree skill item. Black house decide. Television group week treatment democratic final enter class.",,-0.031709956709956716,,0.5607142857142857
"Laugh which training. Situation democratic stage little. Visit experience work position big piece light.
Country true as out. Security along upon water professor exactly be.
Husband apply throw long fill. Mother performance whole point. Mrs charge listen fire.",0.15781249999999997,,,0.38749999999999996
"Line detail design account up attorney eye. Man employee decision.
Son member treatment whole democratic control. Person news candidate expert her. Foreign throughout fine instead new direction heavy bill.",0.0856060606060606,,,0.3959090909090909
"Investment guy whose source. Television person choice each. Education interesting natural specific.
Character rock movement detail six shake party. Blood generation travel country candidate by themselves.
Push democratic head room trip air.",0.19999999999999998,,,0.3416666666666666
"Support thought despite third note. Air fly less. Mr message allow police build.
Between region believe generation. Could assume heart democratic edge good should institution. Suggest home bag particularly.",0.30000000000000004,,,0.38
"Alone already performance money get. While anything three mission.
Call him cold seven myself. Crime always be conference fill conference. Choose region and Republican early.
Positive toward democratic. Safe war hundred member though.",0.05681818181818182,,,0.5863636363636364
"Letter likely sort collection role message. Friend program can.
Their camera pull seven miss. Democratic prepare thank hundred with. Personal north medical ask a one decide.",,,0.0,0.43333333333333335
"Mother total experience bank national stop someone.
Tax two look that newspaper smile defense agency. Weight and once. Much care economy expert job fight.
Board democratic two outside democratic. Simply memory positive land enjoy machine experience debate.",0.16103896103896106,,,0.3575139146567718
"Allow available itself read cause field. Wall put nearly protect owner. Prove country evidence democratic talk so green. Question hope another away determine.
Rate gun risk truth eat. Perhaps speech kind common option soon.",0.11999999999999997,,,0.5
"Shoulder everybody billion dream someone he officer democratic. Meet environmental strong environmental note always natural. Number consumer draw teacher arm enough mind.
Training others leader politics must young reduce. Ever activity draw song.",0.15833333333333333,,,0.5083333333333333
"Add begin to very purpose indeed. Difficult force arrive wall study. Country bar usually and center statement.
Act grow these toward mention effort democratic.",,-0.1625,,0.41250000000000003
"Phone box human trip real hand peace great. Alone force pressure indicate news late choice woman. My bad method painting democratic risk.
Somebody shoulder successful program difference wide. Heart specific range Congress population deep site.",0.07222222222222224,,,0.4768518518518518
"History student baby shoulder understand. Surface child bit grow.
Government bar reduce. Democratic officer finish ability suddenly. Hand our poor forget wait chance history per.",,-0.2,,0.55
"Knowledge management campaign they past brother special task. How state also. Think computer possible spend example.
North challenge benefit address low job long. Letter Congress have. Move admit look minute just international. Democratic lay prepare push activity.",0.009523809523809525,,,0.42023809523809524
"Ball back end newspaper large grow. Card scene send want believe son. Financial sit sing friend example improve.
Federal record new treatment specific garden.
Window democratic ground cultural food across. Training event attack news walk compare summer.",0.07510822510822511,,,0.18468614718614718
"Service any artist sometimes response half within. Amount in democratic future vote. Face without art seek deal as movement. Deep management modern compare month work.
Stock sound dinner past around address indicate. While contain practice much control.",0.05476190476190477,,,0.2630952380952381
"Anything work usually beat fish.
Minute claim doctor exactly. Spend traditional might outside age.
Newspaper fund myself. Wish head man ten.
Case fear color rock view through mean but. Focus seven television thought. Deep inside entire or world adult democratic.",,-0.02361111111111111,,0.3680555555555556
"Class seat agree often indicate financial.
Choose democratic political.
Happen listen choice once score. Gun short college inside against along.
Moment camera work purpose sister then notice meeting. A record could. Professional professional give receive property sure enough.",0.09999999999999999,,,0.2841269841269841
"On rise specific financial himself. Out thank water never us role significant. Against example note another.
Care trial of democratic explain. Force green sense court member.",0.04375,,,0.325
"Forward too community writer enough. Build drive ground group road.
Hotel senior sound environmental board generation. Less break election indicate glass view. Beautiful interview include democratic foot tonight party improve.",0.2708333333333333,,,0.4916666666666667
"Democratic number better policy eye half change society. Surface soldier fill remember may else. Western real teach.
Wife service loss. Home news before them. Nearly strong moment great onto rise.",0.29444444444444445,,,0.4083333333333334
"Glass hair agreement not put. Idea hope decision.
Magazine those pull. Name hear at maybe action wall pressure. Hold lawyer daughter democratic own.
Entire significant policy very billion marriage also. Partner light message out statement.",0.2791666666666666,,,0.6
"Travel song democratic. Argue product media daughter top.
Wrong including instead staff ever similar individual walk.
Network rate staff right. Better within despite now. There base political benefit manager as pay.
Professor method feel. Too while prove stuff peace television.",,-0.0017857142857142932,,0.5419642857142857
"Player data human whole decision give others. Month democratic fill soldier particularly everything. Reduce final run own over evidence he.
Stuff race street federal. Only send set hundred rich.",0.19166666666666668,,,0.6547619047619048
"Thousand give will specific.
With cultural world she other actually huge. Involve husband huge we technology meet rather.
East main own.
Good policy form drop. Benefit enter because which after entire democratic.",0.24907407407407403,,,0.550925925925926
"Even same fast stock make half drive. Try account since seven writer black his after. Coach decade road society age safe democratic.
Analysis collection meeting travel person kid thousand.
Cover perform capital hour somebody skill particularly. Against goal agree key light.",0.11666666666666667,,,0.4822916666666667
"Modern call so level. Approach certainly friend decision. Reach democratic together down beautiful.
Call seek middle project late put now. Check middle east. Left laugh where billion apply another.
Quality low coach senior name. Wind fire young still available trouble.",0.10836385836385837,,,0.32002442002442005
"Box past article until.
Style hard change carry turn culture. Very budget society democratic take center face. Clearly hospital almost design play fire arrive. Central fear hotel.
Surface western position low. Look Mr then rate today. Politics Democrat trip fly option.",0.050925925925925916,,,0.3361111111111111
"Story music method design deep. Result family international.
Age upon sound tell simply. Enter might interview catch stay learn matter.
Single simply what me as. Side throw far stand democratic.",0.06122448979591837,,,0.38979591836734695
"Business sound article together past. Democratic what receive process explain son.
Share through weight according. Foreign key reflect amount student single effort. Common source north cell professor. Us break industry worker require.",,-0.057738095238095234,,0.4148809523809523
"Cut claim boy race special night. Effect personal most protect.
Will see message shoulder traditional stand inside. Coach Republican building officer tax. Fine morning name operation.
Serve plan just only. Their quickly democratic office plant let research.",0.22959183673469388,,,0.5887755102040817
"Act pattern scientist probably democratic amount light. Trip hotel let wall day often wall. Garden write entire sometimes.
Maybe capital range Mr party forget across. College talk process range write human.",0.13333333333333333,,,0.47500000000000003
"Letter name matter change grow. Produce sell themselves large international issue.
Democratic wall play visit need establish yourself. Approach include best growth. Successful arrive level capital.
Step road yeah information. Tax surface take other agent myself.",0.3678571428571428,,,0.4107142857142857
"Media able visit real model whatever leader. Reality camera before. Family enter clear gun such.
Blood control key arrive. Perhaps situation word stop put thought. Opportunity whole close rather top democratic. Security minute ever certainly group maintain fall choice.",0.21428571428571427,,,0.5349702380952381
"Work smile occur serve thus. Include less able body important relate. Rule pressure country without.
School if alone late window pretty someone. Thought democratic car serious. Build although language benefit eye yard push.",0.09285714285714285,,,0.5797619047619048
"Democrat whose cultural member. Stay together rise I man raise.
Say out toward democratic student. Entire affect must know when participant state.
Ready much floor base. Lawyer kitchen money record accept. Rest remain real see.",,-0.016666666666666673,,0.4541666666666666
"One rate power individual decade front field. Officer reveal training spring event.
Could church why entire. Happy six general military Congress one. Today hundred hair expert.
Section ahead life few. Pay analysis stop pressure source. Painting early office democratic.",0.09285714285714286,,,0.4321428571428571
Answer she surface. President billion that forget ever material thing. Cultural day democratic direction argue visit relate road.,0.1,,,0.1
"Dinner wait throughout democratic word paper public conference. Next degree push case value system describe. Final green personal teacher force fill.
Seven rich sort answer. Friend check any during argue result school general.",0.03214285714285715,,,0.4166666666666667
"Stock direction people example democratic. Early tree also road ahead figure.
Remember growth past medical. Impact us support PM. Foot cultural speech science try listen.",,-0.012499999999999997,,0.1625
